competitor_count,avg_similarity,opportunity_count,risk_count,saturation,target
2,0.987,8,4,3,85.26
2,0.383,1,10,1,67.34
9,0.172,3,8,1,69.56
14,0.218,4,1,2,71.64
16,0.346,10,8,3,70.08
19,0.007,0,0,1,56.86
15,0.022,8,4,3,78.56
11,0.37,3,6,3,55.599999999999994
0,0.045,1,9,2,75.1
15,0.576,8,4,3,67.48
12,0.199,6,2,2,82.02
19,0.023,10,5,2,81.53999999999999
4,0.992,4,5,2,68.16
14,0.875,9,8,1,69.5
12,0.566,1,1,3,51.68000000000001
11,0.025,3,9,1,66.5
19,0.244,1,0,1,56.12
0,0.093,8,2,1,100.0
6,0.32,5,0,3,86.6
12,0.543,0,1,2,53.14
4,0.456,1,9,1,63.879999999999995
20,0.457,10,4,2,72.86
2,0.781,7,7,3,79.38
9,0.819,9,4,1,88.62
10,0.786,2,3,3,51.28
7,0.357,2,8,2,60.86
15,0.274,6,1,3,71.52
11,0.863,3,3,3,51.74000000000001
17,0.604,4,1,1,62.92
1,0.348,6,9,2,87.04
17,0.641,6,2,3,58.18000000000001
8,0.593,3,10,1,59.14
15,0.573,7,8,3,55.53999999999999
13,0.365,2,3,3,53.7
17,0.883,1,7,1,33.34
17,0.983,4,9,2,34.34
9,0.506,9,10,2,77.88
4,0.294,2,7,2,70.12
11,0.571,3,0,3,63.58
13,0.224,2,1,1,70.52
15,0.12,10,10,3,72.6
4,0.32,5,4,2,87.6
6,0.971,4,3,2,68.58
4,0.17,8,10,3,85.6
14,0.037,3,7,3,54.260000000000005
17,0.888,3,7,1,41.239999999999995
3,0.95,3,2,1,78.0
10,0.566,7,3,1,85.68
3,0.995,10,2,3,95.1
16,0.267,0,0,2,52.66
3,0.666,6,0,3,89.68
6,0.179,2,1,2,80.42
4,0.752,8,3,2,92.96000000000001
14,0.817,1,2,1,50.66
17,0.372,1,4,3,39.56
1,0.357,5,7,2,86.86
10,0.323,7,3,2,85.54
1,0.042,3,10,3,74.16
15,0.292,5,2,3,65.16
0,0.15,9,6,3,100.0
3,0.855,1,0,1,75.9
15,0.299,0,10,2,34.019999999999996
17,0.87,5,0,3,53.599999999999994
15,0.607,0,2,3,38.86
7,0.09,2,5,3,67.2
6,0.585,1,3,2,64.3
5,0.249,0,4,3,62.019999999999996
14,0.778,8,3,1,77.44
8,0.26,4,3,1,83.8
3,0.827,8,6,2,87.46000000000001
9,0.948,6,2,1,78.03999999999999
18,0.388,5,2,2,62.24000000000001
12,0.364,9,0,2,94.72
13,0.104,7,0,3,84.92
7,0.48,2,4,3,61.400000000000006
7,0.242,8,1,3,96.16
4,0.829,9,5,1,96.42
6,0.48,0,5,2,58.400000000000006
10,0.166,6,9,1,77.68
19,0.08,3,3,3,51.400000000000006
17,0.317,8,9,2,63.66
17,0.544,2,7,1,44.12
20,0.622,0,10,3,12.560000000000002
7,0.117,9,1,3,100.0
7,0.94,3,10,3,44.2
18,0.258,3,9,1,47.84
14,0.666,3,8,1,49.68000000000001
2,0.618,3,0,1,90.64
7,0.668,1,6,1,59.64
9,0.365,5,1,3,77.7
3,0.123,9,2,2,100.0
0,0.412,4,1,1,100.0
10,0.566,8,2,2,86.68
5,0.496,1,4,1,71.08
14,0.406,7,9,3,58.879999999999995
7,0.184,8,9,3,81.32
12,0.503,9,4,3,78.94
11,0.777,0,7,1,43.46
5,0.676,7,9,3,71.48
8,0.449,0,1,2,63.019999999999996
9,0.585,3,1,3,65.3
3,0.71,9,6,3,88.8
19,0.175,10,1,2,86.5
6,0.21,3,0,3,80.8
14,0.822,0,8,3,24.560000000000002
12,0.984,6,6,2,58.31999999999999
3,0.534,6,3,2,91.32
12,0.268,4,8,3,55.64
8,0.939,0,9,2,37.22
15,0.72,7,0,2,73.6
6,0.809,5,10,2,61.81999999999999
4,0.677,7,6,1,89.46
5,0.395,0,2,3,63.099999999999994
0,0.055,10,1,3,100.0
9,0.69,2,9,3,43.2
7,0.25,10,0,3,100.0
13,0.932,5,8,1,54.36
14,0.211,8,0,1,94.78
16,0.831,8,8,1,62.379999999999995
10,0.062,8,9,2,82.76
3,0.669,6,10,1,79.62
1,0.862,7,5,1,93.76
3,0.822,10,7,2,93.56
14,0.712,6,4,3,58.760000000000005
1,0.915,0,0,1,74.7
0,0.502,0,6,3,62.96000000000001
6,0.823,2,9,2,51.53999999999999
4,0.31,3,8,1,76.8
7,0.738,1,3,1,64.24
0,0.468,2,0,2,88.64
5,0.949,10,0,1,100.0
14,0.571,5,1,1,73.58
1,0.547,2,2,3,76.06
2,0.304,2,3,3,76.92
9,0.213,0,0,1,72.74
5,0.817,9,8,2,83.66
11,0.465,2,9,1,53.7
16,0.813,3,9,2,35.74
18,0.353,4,10,1,47.94
6,0.408,8,6,3,84.84
2,0.582,6,2,3,89.36
11,0.989,6,2,3,63.22
13,0.744,0,10,1,34.120000000000005
13,0.257,10,10,3,73.86
1,0.58,4,1,2,90.4
8,0.25,1,10,1,58.0
2,0.293,9,10,3,91.14
15,0.079,4,0,3,69.42
4,0.669,3,7,1,71.62
14,0.465,3,1,1,67.7
3,0.164,6,7,1,95.72
9,0.86,1,6,3,41.8
2,0.757,7,8,2,82.86
14,0.157,10,1,3,91.86
13,0.648,5,3,3,60.03999999999999
4,0.122,9,5,2,100.0
9,0.521,6,10,3,60.58
19,0.551,7,8,3,47.97999999999999
15,0.963,9,1,1,79.74000000000001
12,0.919,5,3,3,56.620000000000005
13,0.366,9,6,1,85.68
11,0.189,5,8,3,63.22
12,0.073,4,7,2,66.54
6,0.529,10,2,2,100.0
4,0.628,4,2,2,81.44
17,0.577,0,10,2,24.46
4,0.325,10,0,1,100.0
14,0.505,7,10,1,64.9
19,0.442,5,10,3,38.16
3,0.401,7,2,3,94.98
10,0.093,5,3,1,87.14
9,0.156,5,3,2,82.88
0,0.591,5,6,2,86.18
10,0.454,10,3,3,89.92
14,0.854,5,1,1,67.92
5,0.194,3,10,3,63.120000000000005
5,0.484,9,2,1,100.0
6,0.945,0,4,2,51.099999999999994
2,0.74,7,2,1,100.0
16,0.074,2,9,2,46.519999999999996
10,0.376,10,3,2,96.48
20,0.71,4,8,2,35.8
7,0.195,0,8,2,56.099999999999994
7,0.732,8,9,3,70.36
4,0.681,1,3,2,66.38
10,0.582,9,6,2,82.36
19,0.163,4,1,3,57.74000000000001
15,0.359,10,0,1,97.82
10,0.659,2,6,1,57.81999999999999
1,0.327,1,4,1,82.46
1,0.931,1,8,2,57.379999999999995
18,0.839,6,1,2,59.22
5,0.966,10,3,2,94.68
14,0.888,4,5,1,55.239999999999995
8,0.155,2,1,1,81.9
1,0.276,7,0,2,100.0
9,0.095,8,7,1,93.1
9,0.487,1,8,1,55.260000000000005
7,0.733,6,4,2,77.34
5,0.64,6,1,1,94.2
4,0.513,3,3,1,82.74
20,0.212,5,1,1,68.75999999999999
8,0.96,5,10,3,49.8
0,0.25,10,9,1,100.0
16,0.068,9,2,3,83.64
10,0.152,10,2,2,100.0
6,0.736,10,8,1,92.28
4,0.446,5,7,3,74.08
13,0.718,5,10,3,44.64
14,0.059,10,10,3,75.82
12,0.416,2,8,3,44.68000000000001
18,0.011,10,6,1,86.78
15,0.657,0,6,1,39.86
4,0.462,6,10,1,81.76
8,0.277,8,2,2,96.46
12,0.252,0,7,1,51.959999999999994
11,0.973,8,1,3,73.53999999999999
20,0.444,2,10,2,29.119999999999997
15,0.077,5,10,3,53.459999999999994
10,0.882,4,0,3,63.36
14,0.479,7,6,1,73.42
7,0.163,0,4,1,69.74
20,0.152,2,3,2,48.96000000000001
19,0.069,2,10,2,38.620000000000005
17,0.174,7,3,1,79.52000000000001
11,0.114,3,7,2,63.72
6,0.834,5,9,2,63.31999999999999
11,0.964,1,8,3,31.72
12,0.887,5,10,1,53.25999999999999
16,0.052,2,1,1,67.96
19,0.54,8,8,1,62.2
2,0.042,8,3,2,100.0
19,0.445,2,1,3,44.1
13,0.598,0,0,2,52.04
3,0.929,1,8,3,48.42
6,0.25,8,2,1,100.0
3,0.188,0,1,1,83.24
2,0.03,4,7,1,92.4
2,0.452,8,5,3,93.96
5,0.925,9,2,2,93.5
15,0.861,9,5,2,68.78
4,0.395,6,4,1,95.1
12,0.778,1,9,1,41.44
16,0.635,0,5,1,40.3
16,0.366,6,2,1,75.68
1,0.0,5,2,3,99.0
3,0.637,3,6,2,71.26
13,0.71,6,0,3,68.8
3,0.808,6,1,2,89.84
1,0.478,4,10,2,74.44
19,0.247,7,0,2,75.06
10,0.584,8,7,1,81.32
7,0.953,8,5,2,78.94
9,0.838,2,4,2,55.24000000000001
6,0.081,5,2,1,97.38
7,0.608,10,10,3,78.84
11,0.061,5,9,3,63.78
12,0.784,5,0,3,65.32
9,0.016,4,8,1,76.68
0,0.219,0,2,1,86.62
8,0.956,10,10,1,79.88
10,0.567,4,0,2,74.66
17,0.096,2,9,2,44.08
1,0.701,9,0,1,100.0
10,0.508,6,5,3,68.84
10,0.661,0,8,1,45.78
15,0.912,9,3,3,66.75999999999999
4,0.346,3,5,3,72.08
14,0.419,5,3,2,67.62
16,0.799,8,6,3,57.019999999999996
18,0.44,10,9,3,62.2
11,0.833,3,8,3,42.34
10,0.523,10,3,2,93.53999999999999
1,0.81,4,0,1,92.8
16,0.43,10,9,3,66.4
20,0.208,8,6,2,65.84
4,0.634,2,0,1,82.32
16,0.63,5,8,1,54.400000000000006
18,0.887,10,10,1,61.25999999999999
3,0.433,4,0,2,91.34
1,0.185,9,3,2,100.0
2,0.938,6,1,1,94.24000000000001
16,0.883,8,9,3,49.34
19,0.295,8,6,3,61.099999999999994
12,0.029,0,2,1,66.42
12,0.661,8,10,2,64.78
3,0.477,5,5,3,79.46000000000001
18,0.164,4,2,1,67.72
3,0.692,1,6,2,62.16
13,0.505,8,7,2,71.9
0,0.446,4,4,3,84.08
5,0.574,6,5,1,87.52
1,0.784,5,2,2,88.32
18,0.846,5,1,3,50.08
15,0.657,7,10,3,49.86
6,0.601,2,5,3,58.980000000000004
11,0.618,4,8,3,50.64
17,0.806,5,6,2,47.879999999999995
5,0.347,3,8,3,64.06
1,0.157,8,9,2,98.86
4,0.087,5,8,2,84.26
9,0.967,8,7,3,65.66
14,0.314,1,8,3,38.72
13,0.725,5,9,2,51.5
20,0.1,0,5,1,43.0
5,0.281,8,4,2,98.38
18,0.633,3,3,2,47.34
8,0.578,1,1,3,59.44
5,0.687,5,10,3,61.25999999999999
14,0.764,9,7,3,63.72
13,0.26,10,6,3,81.8
1,0.013,6,4,2,100.0
11,0.462,7,1,1,89.76
16,0.429,9,9,1,72.42
8,0.453,1,5,2,58.94
8,0.936,3,8,3,46.28
10,0.205,5,9,3,62.900000000000006
9,0.14,6,7,3,74.2
17,0.296,9,2,2,82.08
8,0.178,2,0,1,83.44
14,0.506,1,1,3,48.879999999999995
18,0.178,0,1,2,48.44
19,0.115,6,7,3,54.7
10,0.552,5,0,1,83.96
5,0.021,7,5,3,92.58
6,0.358,10,1,3,100.0
14,0.635,8,3,3,70.3
17,0.813,3,5,2,41.74
2,0.957,1,9,2,52.86
20,0.509,10,3,1,78.82
12,0.398,0,6,3,41.03999999999999
5,0.752,10,9,2,86.96000000000001
13,0.95,1,0,3,44.0
4,0.285,9,6,3,95.3
15,0.982,1,4,2,36.36
17,0.638,3,8,2,39.24000000000001
2,0.154,8,10,3,89.92
3,0.76,7,2,2,92.8
15,0.435,1,0,3,50.3
16,0.047,0,3,1,56.06
17,0.893,4,7,1,45.14
20,0.904,3,6,1,36.92
16,0.528,8,7,3,60.44
0,0.187,3,10,2,78.26
10,0.337,5,0,1,88.26
11,0.387,0,7,1,51.260000000000005
7,0.472,7,4,2,86.56
17,0.064,7,10,3,57.72
17,0.085,8,8,3,65.3
19,0.362,5,6,1,57.75999999999999
3,0.04,10,6,2,100.0
5,0.836,3,8,3,54.28
12,0.227,10,5,3,86.46
13,0.364,8,1,2,86.72
14,0.095,1,5,3,49.099999999999994
11,0.976,2,3,1,55.480000000000004
2,0.29,1,9,2,66.2
3,0.527,2,0,1,86.46
12,0.303,7,5,1,82.94
19,0.324,1,0,2,49.519999999999996
9,0.75,3,4,3,56.0
15,0.456,8,3,3,71.88
9,0.988,2,1,3,53.24000000000001
10,0.004,4,6,2,73.92
6,0.059,2,3,1,83.82
15,0.923,1,9,1,32.54
17,0.446,9,2,3,74.08
15,0.215,0,5,2,45.7
9,0.925,0,6,2,41.5
12,0.094,4,8,2,64.12
6,0.829,6,10,2,65.42
13,0.407,7,8,2,67.86
9,0.587,10,2,1,100.0
13,0.38,5,0,1,81.4
16,0.245,10,1,1,96.1
0,0.021,8,8,1,100.0
4,0.666,1,9,1,59.68000000000001
0,0.869,7,0,1,100.0
12,0.599,3,7,1,57.019999999999996
3,0.608,3,1,2,81.84
7,0.851,4,6,2,62.980000000000004
1,0.815,8,6,1,96.7
2,0.826,1,10,1,58.480000000000004
13,0.053,4,1,1,81.94
11,0.976,9,3,1,83.48
12,0.157,7,9,3,67.86
4,0.807,2,6,3,56.86
12,0.969,6,10,2,50.620000000000005
9,0.601,3,4,2,63.980000000000004
17,0.777,1,4,2,36.46
16,0.705,5,7,3,44.900000000000006
13,0.602,10,1,2,89.96000000000001
13,0.874,1,9,1,37.519999999999996
20,0.35,9,9,3,56.0
19,0.556,5,5,3,45.879999999999995
20,0.358,6,7,2,52.84
19,0.803,9,8,2,55.94
8,0.278,9,1,2,100.0
2,0.304,9,8,3,94.92
2,0.737,4,6,2,75.26
6,0.519,3,0,1,84.62
4,0.798,6,4,3,77.03999999999999
10,0.633,8,10,3,64.34
6,0.513,0,9,3,44.739999999999995
8,0.738,2,9,2,49.239999999999995
10,0.108,6,2,3,82.84
3,0.486,6,7,1,89.28
13,0.454,9,2,3,81.92
14,0.475,3,7,3,45.5
19,0.74,3,5,3,34.2
13,0.112,8,9,2,75.76
10,0.648,0,0,1,62.03999999999999
0,0.048,4,0,1,100.0
18,0.778,4,5,1,49.44
14,0.411,10,7,1,84.78
8,0.958,1,1,1,61.84
0,0.223,8,5,1,100.0
17,0.793,1,2,1,45.14
9,0.672,10,1,2,96.56
20,0.291,8,4,1,73.18
20,0.933,3,3,2,37.34
5,0.456,10,2,1,100.0
12,0.433,3,1,2,67.34
14,0.014,1,7,2,51.72
11,0.475,8,3,1,89.5
1,0.807,0,10,3,46.86
11,0.023,6,1,1,94.54
9,0.248,4,0,3,78.04
19,0.872,7,8,1,51.56
5,0.911,1,7,1,56.78
19,0.311,5,3,1,64.78
16,0.702,7,7,1,62.96000000000001
7,0.045,1,1,1,82.1
19,0.913,8,1,1,68.74
12,0.41,7,5,3,70.8
18,0.464,4,7,2,46.72
0,0.29,4,8,2,84.2
16,0.267,2,0,1,65.66
13,0.322,1,4,3,48.56
12,0.174,6,10,2,66.52
5,0.903,1,9,2,47.94
20,0.18,8,2,1,79.4
16,0.741,8,3,2,69.18
13,0.119,5,8,3,60.620000000000005
1,0.614,3,2,2,83.72
15,0.263,1,3,2,52.739999999999995
17,0.627,9,4,2,71.46000000000001
17,0.853,3,5,3,35.94
4,0.663,8,0,2,100.0
3,0.776,10,6,1,100.0
8,0.309,9,1,2,100.0
18,0.442,1,7,2,35.16
6,0.786,0,2,1,63.28
13,0.044,4,7,3,60.120000000000005
20,0.454,9,6,3,59.92
15,0.176,1,2,2,56.480000000000004
4,0.598,3,5,3,67.04
9,0.716,4,10,2,53.68000000000001
20,0.192,10,0,1,91.16
3,0.349,4,2,3,84.02
11,0.386,5,6,1,73.28
10,0.173,6,6,1,83.54
0,0.153,0,5,2,76.94
14,0.567,2,7,2,44.66
19,0.376,6,9,3,45.480000000000004
12,0.307,5,9,1,66.86
14,0.096,6,8,3,63.08
5,0.4,9,0,1,100.0
8,0.045,9,2,1,100.0
8,0.571,8,2,3,85.58
19,0.318,10,4,3,72.64
19,0.348,9,10,2,61.03999999999999
19,0.253,5,9,1,53.94
17,0.442,4,10,3,38.16
4,0.875,10,10,2,84.5
18,0.414,5,3,2,59.72
12,0.382,3,6,1,63.36
1,0.066,6,7,3,91.68
19,0.202,2,7,3,36.96000000000001
12,0.71,0,2,1,52.8
13,0.756,4,7,3,45.879999999999995
12,0.11,10,1,1,100.0
20,0.324,5,7,1,54.519999999999996
0,0.382,8,9,3,91.36
19,0.892,4,1,2,48.16
15,0.979,5,5,1,55.42
17,0.598,5,3,2,58.03999999999999
8,0.393,6,2,3,81.14
10,0.58,0,1,2,56.400000000000006
16,0.377,0,3,1,49.46
6,0.973,0,4,1,55.53999999999999
20,0.768,10,2,2,70.64
11,0.711,3,4,3,52.78
6,0.289,8,7,2,90.22
7,0.755,1,7,3,45.900000000000006
19,0.694,9,6,2,62.120000000000005
10,0.949,7,8,3,58.019999999999996
6,0.036,5,4,3,84.28
17,0.627,9,2,2,75.46000000000001
1,0.914,8,9,2,83.72
4,0.726,3,10,3,54.480000000000004
7,0.469,9,9,1,89.62
2,0.961,4,2,2,78.78
5,0.344,9,8,1,98.12
6,0.433,3,10,2,61.34
1,0.674,9,5,2,100.0
13,0.267,5,10,3,53.66
20,0.517,3,6,3,34.66
18,0.554,7,4,1,67.92
19,0.156,7,4,2,68.88
19,0.647,9,9,3,52.06
5,0.852,7,5,1,85.96000000000001
15,0.618,1,10,2,31.64
14,0.811,3,2,2,53.78
19,0.391,8,7,3,57.18000000000001
0,0.632,10,7,1,100.0
3,0.948,5,1,2,83.03999999999999
0,0.756,4,5,2,80.88
17,0.944,8,4,3,56.120000000000005
12,0.343,6,8,3,62.14
15,0.611,3,1,2,57.78
18,0.344,1,4,1,48.120000000000005
18,0.268,9,6,2,72.64
9,0.057,7,1,3,91.86
9,0.686,6,9,3,59.28
13,0.47,0,4,3,41.599999999999994
3,0.183,9,4,2,100.0
9,0.591,10,0,2,100.0
15,0.126,7,4,1,82.48
14,0.727,5,2,2,63.46000000000001
10,0.692,6,7,3,61.16
18,0.622,0,7,3,22.560000000000002
0,0.712,7,0,2,100.0
11,0.162,2,6,3,55.760000000000005
5,0.531,8,6,1,94.38
14,0.341,5,5,1,70.18
17,0.75,10,4,2,73.0
10,0.12,6,2,2,87.6
8,0.089,8,1,3,97.22
4,0.084,6,5,1,99.32
7,0.138,0,1,3,66.24
13,0.494,7,0,3,77.12
12,0.0,6,0,2,90.0
3,0.785,4,1,2,82.3
19,0.52,10,9,1,68.6
0,0.696,2,4,1,81.08
8,0.396,5,0,1,91.08
13,0.27,0,10,1,43.599999999999994
0,0.664,8,6,1,100.0
11,0.315,1,9,2,47.7
19,0.831,2,5,3,28.380000000000003
19,0.098,9,4,3,73.03999999999999
12,0.948,7,3,2,69.03999999999999
4,0.948,6,7,3,68.03999999999999
1,0.973,8,10,3,75.53999999999999
5,0.936,3,4,3,60.28
17,0.226,5,5,3,56.47999999999999
17,0.487,0,1,1,49.26
10,0.566,6,1,3,75.68
19,0.57,3,1,1,55.6
16,0.697,0,9,1,31.060000000000002
15,0.916,7,4,1,66.68
12,0.142,3,0,2,75.16
20,0.84,5,1,3,46.2
8,0.07,7,9,3,77.6
12,0.395,2,0,3,61.099999999999994
17,0.466,9,4,2,74.68
17,0.261,4,2,1,67.78
5,0.398,0,2,3,63.03999999999999
18,0.983,0,4,2,26.340000000000003
8,0.499,7,9,2,74.02
0,0.396,9,0,3,100.0
13,0.843,9,8,2,67.14
12,0.118,2,7,1,62.64
12,0.075,4,0,2,80.5
4,0.285,7,7,3,85.3
0,0.878,3,4,3,71.44
17,0.112,1,8,3,36.75999999999999
16,0.785,3,2,2,50.3
5,0.308,3,1,3,78.84
14,0.153,5,7,1,69.94
10,0.585,9,3,1,93.3
7,0.645,9,8,2,83.1
0,0.098,7,10,3,91.04
12,0.536,9,10,2,71.28
16,0.936,0,2,1,40.28
6,0.7,5,4,1,81.0
13,0.201,2,7,2,53.980000000000004
8,0.285,4,9,2,66.3
11,0.443,5,3,3,68.14
4,0.225,8,5,2,99.5
18,0.939,1,6,3,22.22
7,0.158,2,5,1,75.84
18,0.214,7,8,1,66.72
2,0.139,4,0,2,99.22
2,0.717,9,4,1,100.0
3,0.706,0,8,3,48.879999999999995
5,0.978,7,1,1,91.44
20,0.427,7,8,3,48.46000000000001
0,0.275,8,1,3,100.0
17,0.502,9,6,2,69.96000000000001
17,0.274,2,0,1,63.519999999999996
16,0.225,6,10,3,52.5
2,0.756,9,2,3,97.88
8,0.607,5,9,3,58.86
6,0.604,1,2,3,60.92
18,0.452,10,6,3,67.96000000000001
4,0.573,3,1,2,80.54
3,0.848,5,9,1,74.03999999999999
11,0.983,10,6,3,71.34
6,0.195,3,4,2,78.1
15,0.774,4,0,1,65.52
0,0.326,3,1,1,98.48
20,0.803,7,10,2,41.94
13,0.576,5,0,1,77.48
19,0.619,7,1,2,65.62
19,0.274,8,0,3,73.52
7,0.493,6,7,2,76.14
6,0.087,9,2,2,100.0
6,0.275,8,8,2,88.5
3,0.045,9,2,1,100.0
10,0.644,8,2,3,80.12
4,0.241,6,3,1,100.0
19,0.875,2,8,2,26.5
11,0.619,8,6,2,75.62
3,0.851,8,2,2,94.98
16,0.433,8,6,3,64.34
3,0.762,10,10,1,93.76
10,0.328,1,5,3,52.44
13,0.539,5,1,3,66.22
6,0.814,7,0,3,84.72
19,0.996,7,3,1,59.08
3,0.253,5,0,3,93.94
16,0.21,10,2,1,94.8
14,0.776,6,4,1,67.48
5,0.645,4,8,2,67.1
18,0.488,5,4,2,56.24000000000001
15,0.294,8,1,2,84.12
6,0.255,3,6,3,67.9
9,0.963,4,8,2,52.74000000000001
11,0.634,10,6,2,83.32
15,0.14,2,2,1,66.2
16,0.24,5,3,2,67.2
13,0.76,1,8,2,36.8
2,0.979,10,10,3,81.42
14,0.523,8,10,2,63.53999999999999
15,0.865,6,5,2,56.7
13,0.051,9,3,1,97.98
0,0.238,10,2,3,100.0
7,0.245,10,3,3,100.0
6,0.195,9,9,3,87.1
7,0.099,6,9,1,85.02
7,0.654,6,7,1,77.92
0,0.286,6,4,1,100.0
14,0.537,0,10,2,31.259999999999998
6,0.589,9,5,2,92.22
7,0.422,4,6,3,66.56
20,0.045,3,9,2,43.099999999999994
4,0.726,6,2,2,87.48
3,0.007,5,7,1,94.86
6,0.953,10,7,2,84.94
18,0.345,10,5,3,72.1
7,0.821,7,6,3,70.58
15,0.64,4,6,1,56.2
8,0.468,7,10,2,72.64
19,0.386,10,9,2,66.28
14,0.775,2,3,1,53.5
0,0.819,10,1,2,100.0
12,0.242,5,3,2,75.16
9,0.963,5,1,3,65.74000000000001
12,0.906,5,0,3,62.879999999999995
18,0.772,3,8,3,29.560000000000002
9,0.507,5,2,2,77.86
16,0.855,4,3,1,55.900000000000006
6,0.065,3,3,1,87.7
19,0.268,4,3,1,61.64
2,0.838,10,7,2,95.24000000000001
14,0.133,9,2,1,96.34
11,0.159,10,5,3,89.82
8,0.534,8,3,3,84.32
15,0.655,0,0,2,46.9
0,0.527,4,3,3,84.46
15,0.087,4,10,3,49.260000000000005
11,0.848,6,1,2,73.03999999999999
0,0.625,3,7,1,80.5
4,0.105,6,7,1,94.9
19,0.805,2,3,1,42.9
5,0.304,8,5,2,95.92
12,0.549,3,2,2,63.019999999999996
2,0.262,9,8,3,95.76
8,0.4,1,8,3,49.0
14,0.995,3,9,1,41.099999999999994
2,0.776,0,2,2,66.48
11,0.638,2,10,3,38.239999999999995
10,0.053,4,4,2,76.94
16,0.307,1,1,2,53.86
6,0.143,10,4,3,100.0
14,0.794,4,6,3,45.120000000000005
14,0.304,7,2,2,79.92
7,0.922,2,1,1,68.56
1,0.26,6,3,3,95.8
3,0.199,1,3,3,73.02
15,0.07,6,8,2,66.6
15,0.228,8,6,3,70.44
15,0.409,0,2,1,52.82
15,0.709,0,9,3,22.82
10,0.565,6,6,3,65.7
14,0.593,4,6,2,54.14
15,0.197,6,9,2,62.06
5,0.308,6,8,2,81.84
5,0.709,6,1,1,92.82
19,0.511,0,0,1,46.78
9,0.888,5,7,3,55.239999999999995
11,0.983,4,4,3,51.34
11,0.817,9,4,3,74.66
1,0.124,6,4,2,100.0
13,0.039,6,5,2,77.22
1,0.591,10,1,3,100.0
8,0.008,0,8,1,62.84
5,0.023,3,8,2,75.54
18,0.08,10,4,3,79.4
2,0.218,9,5,3,100.0
8,0.476,2,2,2,68.48
6,0.108,6,8,3,78.84
14,0.02,9,7,1,88.6
2,0.133,0,3,2,77.34
5,0.048,10,10,3,94.04000000000002
19,0.626,7,2,1,68.48
6,0.824,2,4,1,66.52
2,0.813,4,7,1,76.74000000000001
0,0.755,0,2,2,70.9
16,0.316,0,10,3,26.68
14,0.947,2,3,2,45.06
5,0.332,5,9,3,70.36
13,0.861,0,3,1,45.78
9,0.482,7,3,2,84.36
3,0.192,5,3,2,94.16
5,0.804,9,3,3,88.92
1,0.347,9,2,3,100.0
7,0.108,3,5,1,80.84
3,0.909,7,8,3,72.82
3,0.446,2,5,3,68.08
5,0.35,10,10,2,93.0
5,0.424,0,4,3,58.519999999999996
4,0.524,10,4,1,100.0
1,0.302,5,9,2,83.96
16,0.599,6,0,2,70.02
4,0.06,8,0,3,100.0
0,0.155,5,6,2,94.9
15,0.227,1,8,3,38.459999999999994
11,0.802,6,0,3,70.96000000000001
10,0.868,0,9,3,29.64
4,0.895,10,0,2,100.0
11,0.39,5,2,3,71.2
1,0.099,10,0,1,100.0
11,0.682,8,9,2,68.36
7,0.08,8,10,3,81.4
0,0.103,8,9,2,100.0
19,0.515,1,5,3,30.700000000000003
11,0.213,3,10,1,60.739999999999995
9,0.863,8,8,2,70.74000000000001
8,0.911,8,4,3,74.78
13,0.606,0,10,2,31.880000000000003
5,0.269,0,0,1,79.62
8,0.875,6,9,2,62.5
2,0.591,7,3,2,96.18
14,0.697,5,0,3,63.06
0,0.05,6,7,3,94.0
5,0.423,2,4,3,66.54
3,0.154,8,3,3,100.0
4,0.133,10,6,2,100.0
17,0.736,7,2,1,70.28
11,0.909,3,8,3,40.81999999999999
9,0.262,3,2,2,74.76
19,0.353,2,8,3,31.939999999999998
3,0.698,6,0,2,94.04
10,0.038,0,4,3,56.239999999999995
14,0.141,4,4,1,72.18
12,0.993,7,2,3,65.14
1,0.601,3,2,3,78.98
5,0.264,8,3,1,100.0
17,0.448,8,6,3,62.03999999999999
17,0.462,1,2,1,51.76
5,0.684,9,2,3,93.32
5,0.191,7,0,3,99.18
12,0.782,9,0,2,86.36
19,0.929,8,6,1,58.42
10,0.452,2,5,2,58.959999999999994
10,0.794,5,8,3,53.120000000000005
16,0.682,1,5,1,43.36
1,0.744,4,0,1,94.12
1,0.754,5,2,1,93.92
18,0.007,5,7,2,59.86
1,0.494,8,8,1,99.12
9,0.592,2,8,3,47.16
15,0.839,7,3,2,65.22
6,0.076,6,2,2,96.48
7,0.62,8,7,3,76.6
9,0.871,7,2,1,83.58
13,0.423,0,2,2,51.540000000000006
4,0.271,3,8,1,77.58
20,0.144,0,9,2,29.119999999999997
17,0.824,9,7,1,66.52
16,0.472,6,8,1,61.56
0,0.127,8,8,3,98.45999999999998
9,0.924,3,4,1,62.519999999999996
7,0.566,3,0,3,71.68
6,0.548,3,3,1,78.03999999999999
19,0.411,8,0,2,75.78
15,0.769,8,8,2,60.620000000000005
13,0.048,0,0,2,63.040000000000006
4,0.764,9,6,3,85.72
17,0.685,3,1,3,47.3
0,0.009,9,10,1,100.0
18,0.522,7,8,1,60.56
11,0.888,5,4,2,62.239999999999995
17,0.608,10,8,1,72.84
1,0.217,1,10,2,67.66
16,0.374,6,8,3,53.519999999999996
2,0.802,3,3,3,70.96000000000001
9,0.41,0,0,1,68.8
9,0.588,1,10,1,49.239999999999995
13,0.055,10,9,3,79.9
2,0.351,7,5,3,91.98
13,0.038,2,9,3,48.239999999999995
8,0.301,6,3,2,85.98
20,0.095,8,6,2,68.1
17,0.123,10,10,2,73.53999999999999
12,0.116,7,7,2,77.68
5,0.64,1,4,3,58.2
8,0.543,2,2,3,62.14
11,0.899,10,10,1,75.02
9,0.161,4,4,3,71.78
7,0.881,2,7,1,57.379999999999995
14,0.087,1,5,2,54.260000000000005
17,0.767,4,3,3,45.66
17,0.882,8,6,1,63.36
18,0.347,5,2,2,63.06
8,0.891,4,3,2,66.18
9,0.676,1,1,2,60.480000000000004
5,0.039,1,7,1,74.22
15,0.85,7,7,3,52.0
15,0.957,7,1,1,71.86
9,0.477,2,5,1,65.46000000000001
4,0.391,3,3,2,80.18
1,0.552,1,8,1,69.96
18,0.546,2,4,3,38.08
18,0.061,1,7,1,47.78
18,0.303,0,8,2,31.939999999999998
18,0.717,8,3,3,60.66
2,0.638,0,7,2,59.239999999999995
10,0.269,3,8,3,55.620000000000005
13,0.73,4,2,2,61.400000000000006
3,0.369,5,7,1,87.62
11,0.089,7,1,3,87.22
11,0.235,0,10,2,43.3
12,0.549,3,3,1,66.02
15,0.646,7,7,3,56.08
1,0.126,7,4,3,100.0
16,0.03,2,9,1,52.400000000000006
20,0.473,4,4,2,48.53999999999999
8,0.72,6,1,2,81.6
15,0.119,3,1,3,62.620000000000005
17,0.858,7,1,2,64.84
18,0.542,6,8,2,51.16
17,0.876,4,0,1,59.480000000000004
16,0.181,2,7,2,48.379999999999995
12,0.634,8,4,2,77.32
13,0.823,1,7,3,32.54
9,0.479,5,4,3,69.42
14,0.5,3,9,1,51.0
10,0.321,1,9,3,44.58
10,0.937,5,10,1,56.25999999999999
5,0.595,3,5,1,75.1
11,0.59,10,8,1,85.2
9,0.266,2,0,2,74.68
20,0.704,5,2,1,56.92
12,0.334,9,9,1,82.32
12,0.784,3,5,2,52.31999999999999
15,0.182,10,4,1,93.36
4,0.7,3,7,1,71.0
4,0.712,2,4,1,72.76
1,0.847,8,9,2,85.06
15,0.795,1,1,2,46.1
4,0.406,0,7,2,59.879999999999995
9,0.383,8,5,1,91.34
15,0.09,1,1,3,55.2
3,0.664,6,2,2,90.72
11,0.093,6,6,2,78.14
5,0.344,3,0,2,85.12
16,0.178,6,4,1,75.44
8,0.541,2,4,3,58.18000000000001
20,0.421,5,4,2,53.58
5,0.04,3,1,3,84.2
13,0.777,2,2,1,57.46000000000001
9,0.127,6,2,1,94.46
19,0.899,4,8,2,34.019999999999996
12,0.963,10,3,1,85.74000000000001
12,0.202,9,7,1,88.96
18,0.227,1,6,2,41.46
12,0.057,7,8,3,71.86
2,0.053,3,0,2,96.94
0,0.65,9,1,3,100.0
12,0.535,10,9,2,77.3
11,0.034,4,7,1,74.32
17,0.623,9,2,2,75.53999999999999
4,0.229,5,7,2,83.42
2,0.905,9,2,3,94.9
16,0.401,10,8,2,73.98
3,0.365,5,3,1,95.7
10,0.466,2,9,1,55.68000000000001
6,0.924,2,6,1,60.519999999999996
19,0.817,9,2,3,62.66
5,0.755,0,5,1,59.900000000000006
15,0.17,10,8,1,85.6
7,0.434,1,7,3,52.31999999999999
3,0.411,7,2,3,94.78
5,0.282,6,5,1,93.36
6,0.06,4,6,2,80.8
20,0.542,4,4,1,52.16
17,0.455,4,9,3,39.900000000000006
17,0.608,6,7,2,53.84
14,0.646,1,5,1,48.08
4,0.414,0,1,2,71.72
4,0.09,4,5,1,91.2
13,0.707,10,2,1,90.86
17,0.947,10,7,2,63.06
1,0.62,6,9,2,81.6
8,0.299,6,8,3,71.02
13,0.676,2,0,2,58.47999999999999
14,0.387,3,3,2,60.260000000000005
11,0.393,10,9,1,87.14
7,0.499,7,8,3,73.02
19,0.11,1,9,3,30.799999999999997
12,0.209,8,10,3,68.82
15,0.91,0,9,3,18.799999999999997
7,0.035,7,4,1,100.0
18,0.263,2,0,3,51.74000000000001
9,0.763,3,0,3,63.739999999999995
15,0.706,2,3,1,52.88
18,0.058,10,8,1,81.84
20,0.309,1,1,1,50.82
17,0.262,2,3,2,52.75999999999999
1,0.139,3,10,3,72.22
0,0.242,3,7,1,88.16
12,0.681,5,5,2,62.379999999999995
16,0.077,10,2,2,92.46
6,0.192,8,2,1,100.0
5,0.891,10,0,1,100.0
14,0.427,0,10,1,38.46
6,0.739,5,3,3,72.22
19,0.872,4,2,3,41.56
11,0.354,10,7,2,86.92
8,0.689,4,10,2,56.22
20,0.372,9,8,3,57.56
16,0.512,1,1,3,44.76
7,0.652,2,5,2,60.959999999999994
0,0.716,7,8,1,92.68
20,0.944,7,6,2,47.120000000000005
8,0.701,8,3,2,85.98
4,0.58,8,3,3,91.4
13,0.209,8,9,1,78.82
18,0.872,4,10,2,32.56
18,0.431,2,5,2,43.38
14,0.977,6,2,2,62.46000000000001
6,0.177,3,5,1,81.46
9,0.44,9,0,2,99.2
3,0.86,7,2,3,85.8
15,0.097,8,0,2,90.06
15,0.001,10,9,2,81.98
8,0.294,7,2,3,87.12
7,0.599,4,2,1,81.02
0,0.285,3,2,3,87.3
2,0.406,10,5,3,100.0
4,0.782,6,8,3,69.36
18,0.265,3,0,2,60.7
0,0.362,1,9,3,63.760000000000005
4,0.265,9,9,3,89.7
19,0.805,10,8,2,59.900000000000006
0,0.27,1,1,1,91.6
17,0.444,4,7,1,54.120000000000005
0,0.026,4,1,1,100.0
14,0.684,9,6,1,77.32
14,0.125,2,4,1,64.5
17,0.429,0,2,1,48.42
16,0.418,0,1,1,52.64
3,0.747,0,8,2,53.06
13,0.506,9,9,1,76.88
18,0.232,3,8,1,50.36
6,0.453,10,3,1,100.0
14,0.005,6,7,3,66.9
9,0.119,2,4,3,64.62
14,0.576,10,1,3,83.48
20,0.878,3,5,2,34.44
16,0.53,0,5,2,37.4
17,0.617,1,4,1,44.66
8,0.156,0,9,3,47.879999999999995
2,0.628,9,0,1,100.0
1,0.68,7,7,2,88.4
18,0.578,2,10,2,30.439999999999998
15,0.136,8,10,3,64.28
12,0.271,10,4,1,97.58
3,0.28,7,9,1,93.4
2,0.478,4,3,2,86.44
1,0.2,3,5,1,91.0
16,0.999,8,7,2,56.019999999999996
13,0.173,1,7,2,50.540000000000006
13,0.557,1,8,2,40.86
2,0.399,2,0,2,86.02
18,0.586,6,4,3,53.28
20,0.636,4,2,3,44.28
11,0.712,8,4,3,72.76
4,0.623,2,9,3,54.53999999999999
20,0.727,0,4,1,32.46
2,0.431,9,7,3,94.38
2,0.528,6,0,1,100.0
12,0.761,1,3,1,53.78
12,0.054,6,7,2,74.92
3,0.318,8,5,1,100.0
3,0.795,10,2,2,100.0
18,0.339,6,3,2,65.22
8,0.052,2,3,2,74.96
12,0.554,4,10,3,45.92
10,0.714,2,10,1,48.72
11,0.103,10,4,2,97.94
8,0.224,9,1,1,100.0
2,0.284,6,3,2,98.32
3,0.003,7,0,1,100.0
17,0.869,4,8,2,38.620000000000005
8,0.498,4,8,1,69.03999999999999
13,0.139,1,5,3,50.22
7,0.762,6,1,1,87.76
14,0.187,1,1,3,55.260000000000005
18,0.034,8,2,3,76.32
7,0.77,1,10,1,49.599999999999994
2,0.381,3,3,3,79.38
2,0.251,9,4,3,100.0
14,0.37,7,0,3,77.6
4,0.365,9,1,3,100.0
4,0.154,2,2,1,87.92
7,0.894,9,7,1,85.12
8,0.653,8,1,2,90.94
0,0.62,5,3,3,86.6
16,0.284,1,2,1,57.31999999999999
20,0.347,8,3,2,69.06
12,0.516,1,0,2,59.68000000000001
15,0.461,1,0,2,54.78
5,0.055,6,1,3,95.9
16,0.56,8,9,2,60.8
9,0.559,4,5,1,71.82
13,0.722,10,8,3,68.56
4,0.636,4,10,3,60.28
3,0.493,2,6,2,70.14
19,0.841,1,5,2,29.18
12,0.986,8,10,2,58.28
14,0.323,7,8,1,72.54
7,0.791,4,7,2,62.18000000000001
1,0.718,9,5,2,99.64
6,0.397,10,1,3,100.0
6,0.573,9,5,2,92.54
2,0.153,3,10,1,79.94
4,0.895,8,7,3,77.1
17,0.799,0,10,2,20.019999999999996
16,0.05,5,9,3,54.0
8,0.545,0,4,2,55.099999999999994
9,0.284,2,0,1,79.32
17,0.737,2,7,1,40.26
11,0.573,7,3,3,73.54
6,0.314,9,9,2,89.72
18,0.675,4,1,2,54.5
1,0.971,0,9,3,45.58
6,0.572,8,10,3,73.56
8,0.515,5,8,3,62.7
5,0.78,7,6,3,75.4
18,0.573,0,4,1,39.54
20,0.995,0,10,1,15.100000000000001
11,0.694,4,1,1,73.12
3,0.68,10,5,3,95.4
18,0.215,8,8,3,60.7
5,0.609,3,6,1,72.82
16,0.653,8,4,1,73.94
5,0.104,6,1,3,94.92
0,0.674,2,6,3,67.52
9,0.93,2,0,2,61.400000000000006
4,0.377,7,5,3,87.46
10,0.123,1,0,1,76.54
15,0.783,8,1,1,79.34
11,0.187,10,8,3,83.26
9,0.714,3,4,3,56.72
14,0.716,5,5,2,57.68000000000001
5,0.772,2,8,1,61.56
1,0.691,0,9,1,61.18000000000001
9,0.251,5,9,1,73.98
8,0.91,2,1,1,66.8
17,0.568,2,7,1,43.64
3,0.089,4,4,1,95.22
10,0.918,0,1,2,49.64
20,0.374,9,5,2,68.52
10,0.758,1,6,1,51.84
6,0.416,2,3,3,66.68
3,0.255,9,7,3,95.9
3,0.857,0,1,3,59.86
5,0.07,10,5,2,100.0
15,0.934,4,2,2,53.31999999999999
16,0.51,4,5,1,58.8
4,0.936,4,8,3,58.28
0,0.969,10,9,3,87.62
10,0.252,1,6,3,51.959999999999994
6,0.452,6,6,1,85.96
20,0.191,10,4,2,78.18
12,0.293,9,6,2,84.14
8,0.764,0,1,2,56.72
11,0.791,3,2,2,60.18000000000001
4,0.973,1,6,3,49.53999999999999
2,0.636,9,2,1,100.0
6,0.84,6,1,2,83.2
8,0.099,1,8,1,65.02
9,0.208,4,5,2,73.84
0,0.522,6,0,2,100.0
5,0.512,2,5,3,62.760000000000005
14,0.69,9,1,2,82.2
5,0.766,3,6,2,64.68
19,0.011,0,7,3,32.78
1,0.336,1,1,2,83.28
8,0.812,5,8,3,56.75999999999999
2,0.307,5,3,3,88.86
14,0.177,6,7,2,68.46
11,0.942,1,3,3,42.16
6,0.56,3,9,2,60.8
13,0.256,8,10,2,70.88
19,0.936,3,10,2,25.28
0,0.283,0,9,1,71.34
2,0.694,10,5,2,100.0
8,0.526,3,7,1,66.48
1,0.444,9,9,3,92.12
17,0.803,7,8,2,51.94
9,0.898,1,10,3,33.03999999999999
2,0.868,4,4,2,76.64
11,0.402,4,6,1,68.96
6,0.013,9,6,3,96.74
0,0.687,9,5,3,97.25999999999999
11,0.322,2,6,3,52.56
8,0.067,8,9,1,91.66
6,0.634,3,8,3,56.31999999999999
1,0.37,4,8,2,80.6
13,0.696,10,5,2,80.08
11,0.55,2,1,1,68.0
19,0.837,8,2,3,58.260000000000005
11,0.37,1,2,1,65.6
4,0.77,7,7,1,85.6
2,0.481,5,3,3,85.38
8,0.662,9,8,1,85.76
16,0.245,6,9,3,54.099999999999994
7,0.619,7,8,1,80.62
7,0.343,10,2,3,100.0
20,0.596,9,5,3,59.08
6,0.672,1,7,1,59.56
12,0.168,3,10,2,54.64
9,0.37,0,8,2,48.599999999999994
0,0.358,8,6,2,100.0
8,0.991,10,9,1,81.18
0,0.845,9,1,1,100.0
10,0.643,4,8,2,57.14
9,0.145,5,3,3,78.1
5,0.449,6,6,2,83.02
18,0.333,2,10,1,40.34
0,0.342,8,5,3,100.0
15,0.426,5,5,2,61.480000000000004
20,0.489,9,0,3,71.22
17,0.328,5,8,1,58.44
11,0.837,8,3,2,77.26
15,0.652,5,7,3,47.96000000000001
8,0.143,6,7,3,76.14
15,0.319,2,3,2,55.620000000000005
1,0.047,9,3,2,100.0
20,0.624,7,3,3,54.519999999999996
4,0.89,7,0,2,92.2
0,0.514,4,3,2,89.72
1,0.772,9,6,3,91.56
17,0.321,2,3,3,46.58
11,0.96,8,7,2,66.8
4,0.093,1,2,1,85.14
18,0.282,0,8,1,37.36
18,0.541,0,10,1,28.18
4,0.834,5,10,2,65.32
17,0.311,1,3,1,52.78
11,0.848,9,6,3,70.03999999999999
16,0.525,8,8,1,68.5
4,0.77,3,4,2,70.6
13,0.154,6,5,2,74.92
17,0.624,8,1,1,78.52
7,0.75,7,3,1,88.0
15,0.791,6,7,2,54.18000000000001
5,0.149,7,3,2,99.02
12,0.344,0,0,3,54.120000000000005
11,0.064,3,0,3,73.72
4,0.927,4,9,1,66.46000000000001
16,0.469,6,8,2,56.620000000000005
11,0.472,2,5,3,51.56
11,0.027,3,9,2,61.459999999999994
20,0.003,1,10,3,28.939999999999998
8,0.628,9,4,3,84.44
8,0.022,10,1,1,100.0
19,0.707,3,10,1,34.86
3,0.391,9,1,1,100.0
14,0.358,9,3,1,89.84
2,0.608,2,2,1,82.84
9,0.225,3,10,3,54.5
15,0.048,4,2,2,71.04
18,0.338,3,5,3,44.24000000000001
13,0.12,8,0,3,88.6
18,0.462,0,4,1,41.76
10,0.902,6,3,1,74.96000000000001
6,0.192,0,4,3,61.16
0,0.519,10,6,3,100.0
7,0.209,6,6,3,78.82
16,0.849,2,0,2,49.019999999999996
14,0.315,0,2,2,51.7
8,0.534,7,5,1,86.32
0,0.165,10,2,3,100.0
10,0.301,2,1,1,74.98
10,0.939,7,8,3,58.22
1,0.906,6,9,1,80.88
18,0.684,1,8,2,28.32
18,0.71,9,2,2,71.8
0,0.596,8,1,2,100.0
13,0.005,10,6,3,86.9
0,0.709,1,5,2,69.82
13,0.077,3,9,1,61.459999999999994
2,0.836,4,7,3,66.28
12,0.271,6,5,3,69.58
5,0.498,10,6,3,93.03999999999999
14,0.2,8,9,2,72.0
12,0.392,2,10,2,46.16
4,0.503,7,5,3,84.94
12,0.728,8,7,3,64.44
1,0.854,4,9,3,63.92
19,0.914,6,7,3,38.72
8,0.859,4,2,3,63.81999999999999
19,0.669,1,1,2,40.62
11,0.663,7,10,2,62.739999999999995
20,0.016,2,2,2,53.68000000000001
16,0.611,5,6,3,48.78
1,0.452,4,6,1,87.96
4,0.726,2,2,2,71.48
9,0.896,2,3,2,56.08
1,0.557,7,0,2,100.0
2,0.742,10,5,2,100.0
17,0.369,0,3,1,47.62
12,0.977,10,3,3,75.46000000000001
12,0.891,7,7,1,67.18
10,0.064,3,7,2,66.72
2,0.729,4,2,1,88.42
17,0.529,2,9,3,30.42
7,0.028,10,7,3,96.44
3,0.009,6,0,2,100.0
5,0.09,8,4,3,97.2
17,0.638,4,1,1,62.24000000000001
0,0.52,10,3,3,100.0
20,0.287,8,0,3,71.25999999999999
14,0.461,4,6,1,61.78
16,0.626,8,6,1,70.48
10,0.212,10,8,2,89.76
4,0.925,9,6,3,82.5
4,0.095,1,8,3,63.099999999999994
15,0.595,10,0,1,93.1
13,0.306,9,3,1,92.88
16,0.917,5,6,3,42.66
0,0.158,1,8,1,79.84
7,0.262,1,2,1,75.76
11,0.432,6,1,2,81.36
14,0.806,4,4,3,48.879999999999995
0,0.428,9,1,2,100.0
11,0.19,10,7,3,85.2
5,0.208,0,9,1,62.84
18,0.983,2,5,3,27.340000000000003
16,0.807,1,1,2,43.86
12,0.405,0,4,2,49.900000000000006
8,0.801,6,5,2,71.98
18,0.006,2,9,2,43.879999999999995
16,0.994,0,3,2,32.120000000000005
13,0.613,7,8,3,58.74000000000001
16,0.886,5,5,1,55.28
13,0.004,3,6,3,58.92
15,0.241,0,7,1,46.18000000000001
12,0.608,5,7,1,64.84
1,0.595,7,10,1,89.1
13,0.566,4,1,1,71.68
13,0.627,5,0,2,71.46000000000001
2,0.879,6,10,3,67.42
18,0.824,3,8,1,38.519999999999996
14,0.849,5,8,1,54.019999999999996
8,0.997,1,4,3,45.06
1,0.007,9,3,1,100.0
6,0.848,8,9,2,75.03999999999999
20,0.399,1,8,3,25.019999999999996
3,0.934,6,10,2,69.32
16,0.203,9,6,1,82.94
10,0.912,8,4,2,75.75999999999999
10,0.997,5,7,1,61.06
11,0.025,5,3,2,81.5
18,0.888,2,3,1,43.239999999999995
11,0.821,5,8,2,55.58
11,0.896,1,5,1,49.08
18,0.115,6,9,3,52.7
12,0.156,8,5,3,79.88
15,0.056,4,10,3,49.879999999999995
18,0.414,8,7,2,63.72
10,0.674,2,7,1,55.519999999999996
10,0.261,6,9,2,70.78
2,0.862,8,3,3,89.76
18,0.792,8,9,1,57.16
9,0.63,9,5,3,80.4
4,0.068,0,6,2,68.64
0,0.314,0,3,1,82.72
3,0.53,6,5,2,87.4
13,0.549,6,4,1,74.02
20,0.663,10,7,3,57.739999999999995
12,0.438,1,0,3,56.239999999999995
18,0.653,4,3,3,45.94
20,0.416,8,8,1,62.68000000000001
10,0.532,3,9,2,53.36
13,0.495,6,4,3,65.1
5,0.48,2,10,1,63.400000000000006
14,0.908,5,7,2,49.84
7,0.411,9,4,2,95.78
4,0.895,7,10,1,77.1
2,0.807,2,6,2,65.86
11,0.372,7,3,3,77.56
5,0.899,2,8,1,59.019999999999996
4,0.551,0,0,1,75.98
16,0.34,6,7,1,66.2
1,0.237,7,0,3,100.0
14,0.405,6,8,2,61.900000000000006
0,0.154,0,1,2,84.92
16,0.696,6,2,3,59.08
13,0.506,8,3,2,79.88
2,0.185,9,6,2,100.0
8,0.111,5,4,2,83.78
1,0.834,8,4,2,95.32
17,0.202,5,7,2,57.96000000000001
11,0.506,2,10,3,40.879999999999995
1,0.552,7,6,1,97.96
20,0.128,9,4,1,80.44
6,0.913,9,4,1,92.74
3,0.78,6,5,1,87.4
6,0.452,3,10,1,65.96
5,0.049,10,1,1,100.0
1,0.264,6,0,1,100.0
7,0.519,9,6,2,89.62
10,0.641,9,0,3,88.18
7,0.388,2,3,2,70.24
12,0.57,9,2,1,91.6
0,0.321,10,0,3,100.0
20,0.404,6,6,3,48.92
13,0.139,5,0,3,76.22
3,0.726,4,7,3,66.48
13,0.084,1,7,2,52.31999999999999
2,0.108,6,6,1,100.0
18,0.108,6,6,1,68.84
18,0.751,6,10,1,47.980000000000004
19,0.435,4,6,1,52.3
10,0.554,8,6,1,83.92
5,0.235,8,9,1,94.3
4,0.761,9,6,1,95.78
10,0.195,9,9,1,89.1
8,0.946,9,3,1,90.08
1,0.547,10,5,2,100.0
11,0.538,2,0,2,65.24
17,0.378,0,4,1,45.44
17,0.808,4,5,1,50.84
3,0.902,3,9,3,54.96000000000001
11,0.965,4,6,2,52.7
18,0.108,5,10,1,56.84
7,0.214,9,6,2,95.72
6,0.403,4,2,2,81.94
18,0.181,10,1,1,93.38
3,0.713,0,7,3,50.739999999999995
11,0.797,10,10,3,67.06
6,0.423,9,5,1,100.0
11,0.724,9,9,1,76.52
0,0.368,9,9,3,95.63999999999999
9,0.443,2,0,3,66.14
17,0.776,0,8,1,29.480000000000004
1,0.942,1,7,3,54.16
0,0.42,5,4,2,93.6
17,0.473,8,2,3,69.53999999999999
15,0.932,3,5,3,38.36
0,0.584,8,0,1,100.0
13,0.795,0,5,3,33.1
13,0.331,3,4,2,61.379999999999995
13,0.064,8,1,1,97.72
14,0.67,4,8,1,53.599999999999994
15,0.499,8,7,1,73.02
1,0.346,2,6,1,82.08
8,0.321,6,3,1,90.58
8,0.143,5,3,2,85.14
0,0.595,3,10,2,70.1
9,0.636,3,9,1,58.28
9,0.089,8,6,2,90.22
9,0.913,1,4,1,54.739999999999995
16,0.633,1,2,1,50.34
4,0.114,9,3,3,100.0
15,0.167,6,0,3,75.66
8,0.495,5,3,3,73.1
14,0.514,5,6,3,54.72
16,0.76,1,4,2,38.8
1,0.236,2,4,2,83.28
12,0.646,10,9,2,75.08
9,0.939,10,3,2,87.22
2,0.622,1,4,2,69.56
2,0.045,10,7,3,100.0
18,0.906,7,7,1,54.879999999999995
6,0.549,6,0,3,86.02
6,0.616,10,1,3,98.68
7,0.503,2,4,2,65.94
18,0.559,5,4,2,54.81999999999999
1,0.929,3,9,1,68.42
18,0.828,1,10,1,26.439999999999998
10,0.425,6,6,1,78.5
4,0.305,10,8,2,99.9
0,0.275,6,2,1,100.0
0,0.976,3,9,1,69.48
1,0.724,5,9,3,70.52
4,0.261,3,6,3,71.78
9,0.54,9,2,2,93.2
9,0.963,5,10,1,57.74000000000001
20,0.735,4,0,1,56.3
15,0.007,3,7,1,62.86
3,0.745,2,9,2,59.099999999999994
5,0.035,0,5,3,64.3
1,0.615,9,7,1,100.0
16,0.918,4,6,1,48.64
0,0.131,0,5,2,77.38
18,0.511,2,3,3,40.78
20,0.584,1,6,2,30.32
5,0.063,2,0,2,86.74
19,0.397,9,3,1,79.06
1,0.719,1,5,1,72.62
8,0.506,3,10,2,55.879999999999995
13,0.984,9,9,1,67.32
15,0.739,2,8,1,42.22
14,0.361,9,6,1,83.78
16,0.042,7,3,3,74.16
7,0.503,9,2,1,100.0
12,0.785,10,3,3,79.3
8,0.085,2,10,2,60.3
18,0.21,6,5,1,68.8
4,0.78,1,1,3,63.400000000000006
4,0.958,3,10,2,54.84
6,0.528,8,10,1,84.44
3,0.136,0,4,2,73.28
2,0.775,3,0,3,77.5
10,0.207,6,0,2,89.86
8,0.219,3,9,2,63.620000000000005
19,0.946,7,5,1,56.08
4,0.698,1,3,1,71.04
17,0.079,2,9,2,44.42
1,0.833,1,1,3,68.34
2,0.624,10,6,2,100.0
14,0.793,7,9,2,56.14
5,0.098,5,2,2,94.04
5,0.919,5,4,2,73.62
7,0.989,1,3,3,49.22
8,0.544,4,7,3,60.120000000000005
16,0.361,5,10,3,45.78
5,0.284,7,0,2,100.0
19,0.514,5,0,1,66.72
13,0.984,1,6,1,41.32
9,0.365,0,0,3,59.7
16,0.069,9,6,3,75.62
14,0.309,9,1,1,94.82
1,0.192,2,5,3,77.16
3,0.251,3,7,3,71.98
18,0.278,6,7,1,63.44
0,0.12,9,4,1,100.0
4,0.039,7,0,3,100.0
1,0.161,7,0,1,100.0
18,0.56,1,7,1,37.8
1,0.654,3,5,3,71.92
8,0.696,4,9,2,58.08
16,0.18,2,3,1,61.400000000000006
8,0.234,3,5,2,71.32
13,0.298,6,10,1,67.04
16,0.402,10,6,2,77.96000000000001
14,0.398,2,10,3,37.03999999999999
14,0.843,10,10,2,65.14
20,0.589,5,1,1,61.22
19,0.908,4,7,2,35.84
12,0.716,2,1,3,52.68000000000001
10,0.163,1,1,2,68.74
15,0.955,10,1,1,83.9
7,0.726,8,9,2,75.48
11,0.361,2,3,1,67.78
8,0.134,0,1,1,74.32
20,0.984,1,0,1,39.32
7,0.129,3,8,1,74.42
13,0.068,1,10,3,41.64
0,0.668,7,2,3,95.64
9,0.185,2,10,3,51.3
12,0.507,2,10,3,38.86
6,0.279,2,0,1,85.42
20,0.05,0,2,1,50.0
2,0.22,6,4,3,92.6
8,0.493,3,8,1,65.14
4,0.343,3,3,2,81.14
8,0.992,0,1,1,57.16
6,0.454,5,0,1,93.92
16,0.907,8,7,1,62.86
0,0.027,7,4,1,100.0
19,0.249,5,0,1,72.02
12,0.825,8,7,1,72.5
2,0.852,4,3,3,73.96000000000001
12,0.982,9,2,3,73.36
3,0.313,7,2,1,100.0
8,0.426,6,4,2,81.48
18,0.836,7,2,3,56.28
11,0.942,3,7,3,42.16
18,0.208,9,9,2,67.84
13,0.61,4,0,3,62.8
18,0.154,9,4,2,78.92
8,0.805,8,0,2,89.9
1,0.671,0,5,2,64.58
3,0.782,0,9,3,45.36
6,0.873,6,8,2,68.53999999999999
3,0.957,10,9,3,81.86
8,0.03,5,8,2,77.4
4,0.576,9,1,1,100.0
3,0.252,0,5,2,68.96
14,0.954,3,0,2,54.92
17,0.934,4,3,3,42.32
13,0.326,10,2,1,98.48
8,0.348,10,10,1,92.04
13,0.943,7,10,2,53.14
3,0.172,3,5,3,77.56
11,0.586,6,5,1,75.28
8,0.927,8,9,2,69.46000000000001
2,0.951,4,6,1,75.98
12,0.588,9,5,2,80.24
11,0.73,10,10,3,68.4
16,0.846,0,9,2,23.08
3,0.714,1,9,3,50.72
10,0.305,7,0,3,86.9
1,0.362,9,5,3,100.0
3,0.881,8,9,2,80.38
5,0.515,9,9,3,82.7
18,0.921,7,6,1,56.58
9,0.973,4,7,3,49.53999999999999
12,0.132,2,0,3,66.36
5,0.788,9,3,3,89.24
3,0.439,3,7,2,73.22
5,0.15,4,5,2,83.0
10,0.718,6,9,3,56.64
17,0.496,4,0,3,57.08
15,0.807,2,8,2,35.86
11,0.52,10,2,1,98.6
3,0.562,3,4,2,76.75999999999999
6,0.367,6,9,2,76.66
0,0.033,9,6,3,100.0
16,0.902,7,8,1,56.96000000000001
16,0.791,1,5,3,31.18
4,0.248,7,1,1,100.0
8,0.307,8,10,1,84.86
18,0.411,5,7,3,46.78
18,0.918,4,0,2,51.64
14,0.112,8,1,3,84.76
7,0.165,7,0,1,100.0
2,0.483,7,10,2,84.34
4,0.426,6,4,2,89.48
14,0.174,3,1,2,68.52
14,0.018,5,3,3,70.64
18,0.038,5,7,3,54.24000000000001
14,0.698,7,8,3,55.03999999999999
16,0.581,2,6,3,37.379999999999995
20,0.121,9,8,3,62.58
9,0.91,4,9,3,46.8
14,0.408,6,5,2,67.84
8,0.161,2,2,1,79.78
11,0.222,7,5,1,86.56
19,0.383,8,3,3,65.34
13,0.629,4,7,2,53.42
11,0.529,2,8,3,44.42
2,0.902,1,8,2,55.96000000000001
20,0.951,10,5,3,55.980000000000004
19,0.816,2,5,2,33.68
3,0.838,8,10,1,84.24000000000001
8,0.062,4,10,2,68.76
10,0.008,0,2,2,65.84
11,0.044,3,0,2,79.12
10,0.411,5,9,1,68.78
15,0.047,10,8,1,88.06
18,0.557,1,2,3,37.86
5,0.632,10,3,1,100.0
9,0.948,2,6,3,44.03999999999999
19,0.931,4,2,2,45.379999999999995
14,0.204,8,10,2,69.92
3,0.405,5,0,3,90.9
1,0.673,8,10,2,86.53999999999999
19,0.225,5,6,2,55.5
2,0.637,5,9,3,70.26
2,0.504,7,3,3,92.92
20,0.384,2,0,1,55.32
8,0.647,6,10,2,65.06
4,0.256,10,4,3,100.0
16,0.433,6,7,1,64.34
3,0.258,5,8,1,87.84
7,0.87,2,7,3,47.599999999999994
1,0.947,1,2,3,64.06
7,0.733,0,1,2,59.34
7,0.02,2,9,1,70.6
11,0.609,9,0,3,86.82
9,0.042,3,2,2,79.16
20,0.039,3,3,3,50.22
14,0.142,2,10,2,47.16
15,0.849,7,9,2,53.019999999999996
16,0.451,1,5,1,47.980000000000004
11,0.989,3,5,1,55.22
15,0.841,0,10,1,28.18
3,0.935,7,8,3,72.3
19,0.462,9,6,1,71.75999999999999
11,0.383,10,8,2,84.34
18,0.043,2,6,1,54.14
4,0.018,9,5,3,100.0
3,0.355,1,10,3,55.900000000000006
8,0.042,5,9,1,80.16
17,0.551,10,3,2,78.97999999999999
19,0.106,1,4,2,45.88
20,0.981,10,8,2,54.379999999999995
18,0.106,8,4,1,80.88
15,0.782,7,9,2,54.36
19,0.759,5,7,1,47.81999999999999
10,0.49,10,9,3,77.2
9,0.724,6,3,1,80.52
20,0.806,0,4,1,30.879999999999995
9,0.607,2,9,3,44.86
2,0.433,0,2,3,68.34
6,0.705,8,1,1,98.9
19,0.256,1,3,1,49.88
14,0.983,8,3,1,73.34
3,0.933,5,4,1,82.34
14,0.939,0,9,1,30.22
18,0.03,5,8,1,62.400000000000006
12,0.02,0,7,1,56.599999999999994
20,0.009,6,2,1,74.82
2,0.506,2,6,1,76.88
17,0.42,3,2,1,60.599999999999994
10,0.306,9,1,3,92.88
10,0.88,5,9,3,49.400000000000006
4,0.656,1,5,3,57.879999999999995
18,0.669,9,0,3,71.62
10,0.671,8,0,3,83.58
6,0.658,3,7,3,57.84
19,0.137,6,8,1,62.25999999999999
17,0.103,1,8,3,36.94
15,1.0,5,7,3,41.0
14,0.109,9,5,2,85.82
16,0.348,3,8,2,47.03999999999999
4,0.222,3,10,2,69.56
16,0.097,4,7,3,53.06
11,0.203,5,3,3,72.94
20,0.274,9,9,1,67.52
7,0.403,9,5,1,98.94
0,0.941,9,10,3,82.18
18,0.089,0,9,1,39.22
4,0.411,6,1,2,95.78
18,0.122,7,1,2,77.56
9,0.799,0,4,1,53.019999999999996
12,0.027,5,2,1,86.46
0,0.979,9,6,2,94.42
5,0.17,8,10,2,88.6
20,0.298,4,5,1,55.03999999999999
16,0.597,3,3,1,57.06
13,0.194,4,7,1,67.12
16,0.727,10,4,2,75.46000000000001
20,0.451,0,9,3,17.980000000000004
16,0.689,3,9,2,38.22
0,0.857,9,9,3,85.86
17,0.248,1,6,1,48.03999999999999
8,0.007,4,6,1,82.86
17,0.603,10,2,1,84.94
4,0.085,1,1,1,87.3
8,0.632,6,1,1,88.36
0,0.078,0,2,2,84.44
5,0.668,3,2,2,74.64
2,0.367,6,10,3,77.66
17,0.888,0,2,2,34.239999999999995
5,0.499,6,1,3,87.02
8,0.243,7,1,1,100.0
15,0.83,1,8,1,36.400000000000006
13,0.662,3,9,3,39.75999999999999
7,0.215,9,0,2,100.0
6,0.069,2,1,3,77.62
17,0.528,9,1,1,84.44
10,0.314,5,9,1,70.72
6,0.456,2,1,2,74.88
3,0.128,0,1,2,79.44
8,0.804,6,6,1,74.92
6,0.5,1,8,3,51.0
20,0.782,7,3,2,56.36
4,0.643,10,7,1,100.0
10,0.464,8,0,3,87.72
18,0.527,2,5,1,46.46
7,0.592,2,7,3,53.16
1,0.687,5,1,3,87.25999999999999
13,0.869,10,5,3,71.62
3,0.99,0,7,1,55.2
17,0.849,1,3,2,37.019999999999996
2,0.101,7,7,1,100.0
17,0.719,2,2,3,40.620000000000005
20,0.596,7,0,1,71.08
18,0.866,2,4,2,36.68
14,0.434,5,6,3,56.31999999999999
10,0.607,6,0,3,76.86
7,0.996,7,9,2,66.08
8,0.732,8,6,3,74.36
18,0.891,2,7,3,25.18
6,0.376,2,9,1,65.48
6,0.255,2,8,3,59.900000000000006
20,0.168,10,1,2,84.64
12,0.71,9,9,3,64.8
4,0.202,1,0,3,76.96
20,0.638,7,4,3,52.24000000000001
16,0.768,8,5,1,69.64
4,0.852,10,4,3,91.96000000000001
9,0.152,8,1,3,93.96
0,0.145,9,4,3,100.0
7,0.104,3,6,2,73.92
20,0.945,5,2,3,42.1
15,0.784,9,10,2,60.31999999999999
5,0.586,1,10,2,52.28
11,0.13,10,2,1,100.0
9,0.102,10,8,3,88.96
14,0.114,6,8,2,67.72
14,0.956,7,2,1,71.88
5,0.248,7,10,1,88.04
1,0.349,8,6,2,100.0
2,0.045,2,6,3,76.1
19,0.589,6,3,3,53.22
2,0.128,1,5,3,72.44
15,0.23,9,2,2,87.4
3,0.596,10,3,3,100.0
20,0.325,6,8,2,51.5
13,0.778,2,7,2,42.44
11,0.751,5,10,3,47.980000000000004
17,0.866,10,2,2,74.68
2,0.751,8,3,1,100.0
9,0.426,6,1,3,80.48
2,0.41,4,6,2,81.8
4,0.582,10,6,1,100.0
15,0.932,0,10,1,26.36
7,0.468,4,5,1,77.64
12,0.907,2,0,2,55.86
17,0.568,6,5,2,58.64
10,0.111,8,4,2,91.78
17,0.8,6,7,2,50.0
7,0.59,7,4,3,79.2
13,0.173,2,6,3,51.540000000000006
14,0.878,6,0,2,68.44
6,0.958,0,0,3,53.84
17,0.109,1,9,2,39.81999999999999
16,0.156,8,7,2,72.88
8,0.91,10,9,1,82.8
12,0.562,10,7,1,85.75999999999999
10,0.956,3,10,1,47.879999999999995
2,0.322,0,7,2,65.56
7,0.627,2,6,2,59.46000000000001
10,0.687,7,4,1,81.25999999999999
20,0.891,6,2,1,57.18000000000001
20,0.454,3,10,3,27.92
1,0.399,0,6,2,68.02
19,0.498,8,9,3,51.03999999999999
18,0.396,0,5,2,36.08
4,0.528,6,6,2,83.44
11,0.599,6,2,1,81.02
5,0.816,9,10,1,84.68
14,0.125,8,2,2,87.5
12,0.124,7,2,3,82.52
2,0.452,6,5,3,85.96
7,0.771,9,4,1,93.58
19,0.046,7,6,1,72.08
17,0.806,0,0,2,39.879999999999995
7,0.117,5,5,2,83.66
3,0.483,8,8,2,90.34
20,0.637,9,2,1,74.25999999999999
4,0.538,3,1,3,76.24
3,0.846,4,4,3,70.08
4,0.958,0,3,2,56.84
5,0.73,1,9,2,51.400000000000006
8,0.53,2,9,1,58.400000000000006
19,0.801,6,0,1,64.98
13,0.042,6,3,1,86.16
16,0.76,0,8,1,31.799999999999997
5,0.516,8,2,1,100.0
7,0.135,2,0,3,76.3
0,0.525,2,1,1,90.5
5,0.216,4,8,1,80.68
10,0.865,1,6,2,44.7
14,0.704,6,10,3,46.92
10,0.856,10,1,3,85.88
17,0.06,9,0,3,85.8
4,0.939,3,4,1,72.22
15,0.409,4,4,3,54.81999999999999
9,0.779,4,8,1,61.42
16,0.266,1,9,1,43.68000000000001
16,0.689,5,5,3,49.22
20,0.712,9,0,1,76.76
11,0.714,1,9,2,39.72
19,0.092,2,5,2,48.16
20,0.192,3,4,3,45.16
0,0.073,7,9,3,93.54
7,0.5,9,10,3,77.0
6,0.406,5,0,3,84.88
12,0.816,7,8,3,56.68000000000001
8,0.193,6,5,3,79.14
13,0.915,0,9,3,22.700000000000003
2,0.296,7,6,1,100.0
15,0.101,0,7,1,48.980000000000004
19,0.575,1,2,1,45.5
10,0.329,5,5,1,78.42
19,0.773,10,9,1,63.53999999999999
8,0.612,9,9,3,74.76
15,0.862,8,2,2,70.76
2,0.97,4,9,1,69.6
14,0.438,4,8,2,53.24000000000001
11,0.549,7,0,3,80.02
16,0.291,4,7,1,59.18000000000001
1,0.285,7,8,3,89.3
2,0.394,6,4,3,89.12
11,0.998,6,5,3,57.03999999999999
1,0.915,10,6,2,97.7
17,0.897,6,9,1,49.06
0,0.335,5,6,1,96.3
3,0.838,4,9,2,65.24000000000001
11,0.567,10,7,3,77.66
5,0.857,6,3,1,85.86
18,0.305,1,2,3,42.9
5,0.983,7,6,3,71.34
7,0.856,3,6,1,63.879999999999995
20,0.315,7,8,2,55.7
20,0.909,7,3,1,58.81999999999999
14,0.589,4,5,2,56.22
1,0.031,10,7,2,100.0
5,0.166,0,10,2,56.68000000000001
9,0.168,9,0,2,100.0
14,0.615,4,4,2,57.7
11,0.255,10,8,3,81.9
9,0.746,8,3,3,78.08
9,0.692,3,10,1,55.16
6,0.511,2,10,1,60.78
10,0.905,2,4,2,51.900000000000006
2,0.92,4,4,3,70.6
16,0.158,9,6,3,73.84
16,0.25,6,6,2,65.0
15,0.713,1,7,3,30.740000000000002
13,0.196,9,10,1,81.08
1,0.467,2,6,1,79.66
14,0.049,1,4,1,62.019999999999996
11,0.798,2,2,1,61.03999999999999
3,0.5,3,8,1,75.0
0,0.307,5,3,3,92.86
16,0.635,3,3,3,46.3
12,0.001,3,0,2,77.98
11,0.139,8,4,3,84.22
18,0.281,3,4,1,57.379999999999995
0,0.061,6,9,1,99.78
15,0.927,2,3,3,38.46
1,0.922,3,4,1,78.56
20,0.249,5,10,2,45.019999999999996
11,0.632,5,6,3,58.36
1,0.053,10,5,3,100.0
14,0.402,10,4,2,85.96000000000001
4,0.076,1,9,1,71.48
16,0.1,0,10,2,36.0
6,0.164,9,2,2,100.0
9,0.271,8,4,1,95.58
9,0.232,4,10,3,58.36
10,0.237,6,5,2,79.26
1,0.596,8,1,1,100.0
15,0.647,6,3,2,65.06
18,0.293,6,4,1,69.14
8,0.836,0,1,3,50.28
11,0.067,6,10,3,65.66
20,0.422,6,2,3,56.56
11,0.945,0,8,3,28.1
17,0.075,0,1,3,47.5
14,0.878,6,3,3,57.44
0,0.275,7,1,1,100.0
19,0.911,10,5,1,68.78
5,0.195,3,6,2,76.1
4,0.89,8,7,2,82.2
19,0.655,3,3,2,44.9
0,0.819,9,6,3,92.62
13,0.241,6,5,2,73.18
17,0.734,5,6,1,54.31999999999999
1,0.246,0,7,1,74.08
7,0.76,7,2,3,79.8
2,0.114,9,6,1,100.0
1,0.5,0,10,1,63.0
18,0.25,3,4,1,58.0
10,0.587,1,0,2,62.260000000000005
0,0.53,7,7,1,98.4
2,0.812,3,7,3,62.75999999999999
6,0.306,1,5,2,65.88
11,0.539,8,10,3,64.22
3,0.228,10,4,1,100.0
19,0.744,3,0,3,44.120000000000005
8,0.015,9,6,3,92.7
0,0.623,7,3,1,100.0
16,0.394,4,9,3,43.120000000000005
20,0.726,10,2,3,66.48
12,0.759,6,5,3,59.81999999999999
1,0.148,2,3,2,87.04
14,0.438,9,4,2,81.24000000000001
7,0.345,4,4,1,82.1
9,0.185,0,3,3,57.3
17,0.904,3,3,2,43.92
10,0.697,6,6,1,73.06
15,0.701,8,3,2,71.98
3,0.828,9,0,1,100.0
2,0.264,2,5,2,78.72
15,0.323,7,4,3,68.53999999999999
0,0.611,1,6,2,69.78
4,0.671,10,2,3,99.58
9,0.902,9,3,2,83.96000000000001
14,0.031,4,7,1,68.38
5,0.955,6,1,2,82.9
2,0.286,5,8,3,79.28
11,0.278,6,9,2,68.44
1,0.965,7,3,3,85.7
7,0.22,7,3,2,93.6
2,0.549,8,10,3,82.02
16,0.504,6,5,2,61.92
11,0.918,9,8,3,64.64
11,0.671,10,5,2,84.58
12,0.107,2,7,2,57.86
15,0.626,6,10,3,46.480000000000004
2,0.253,0,3,2,74.94
6,0.414,6,10,1,78.72
16,0.067,8,10,1,73.66
6,0.929,10,10,2,79.42
16,0.274,7,1,1,83.52
2,0.865,8,8,1,89.7
7,0.017,6,9,3,76.66
19,0.501,10,9,2,63.980000000000004
14,0.405,8,5,2,75.9
8,0.294,3,0,3,75.12
7,0.92,3,3,2,63.599999999999994
14,0.043,8,6,2,81.14
3,0.131,7,3,3,98.38
1,0.186,3,7,2,82.28
17,0.345,5,8,3,48.099999999999994
14,0.421,7,6,3,64.58
2,0.84,3,2,3,72.2
0,0.781,6,4,3,85.38
9,0.409,9,5,2,89.82
20,0.323,0,9,2,25.54
11,0.843,2,5,3,44.14
13,0.559,4,8,3,47.81999999999999
19,0.351,4,7,1,51.980000000000004
3,0.182,9,9,3,93.36
10,0.766,9,3,1,89.68
5,0.588,8,9,2,82.24
0,0.973,8,8,2,86.53999999999999
20,0.947,7,0,2,59.06
19,0.447,7,3,2,65.06
4,0.45,6,3,3,86.0
19,0.72,3,3,2,43.6
16,0.336,1,7,2,41.28
1,0.764,8,9,3,81.72
4,0.425,7,9,1,88.5
16,0.268,9,1,2,86.64
11,0.099,0,3,3,55.019999999999996
1,0.161,7,7,1,100.0
2,0.571,9,0,2,100.0
11,0.168,6,4,1,85.64
19,0.391,10,2,2,80.18
6,0.936,8,8,2,75.28
19,0.502,5,8,1,50.96000000000001
0,0.883,10,7,3,93.34
4,0.809,6,10,3,64.82
15,0.697,1,4,3,37.06
5,0.331,10,1,1,100.0
5,0.753,4,9,1,67.94
12,0.855,10,2,1,89.9
6,0.875,6,1,3,77.5
11,0.625,9,7,3,72.5
4,0.083,5,4,2,92.34
2,0.614,7,3,1,100.0
6,0.045,7,0,2,100.0
20,0.733,5,7,1,46.34
0,0.918,5,0,3,86.64
17,0.134,9,6,3,72.32
0,0.439,4,9,2,79.22
5,0.634,6,0,3,86.32
7,0.217,1,10,3,50.66
19,0.903,9,10,3,44.94
10,0.917,0,3,1,50.66
8,0.276,2,3,2,70.48
0,0.424,4,7,2,83.52
8,0.419,2,9,2,55.620000000000005
0,0.158,4,9,2,84.84
10,0.585,1,1,2,60.3
11,0.248,3,4,2,67.04
18,0.42,9,7,3,62.599999999999994
3,0.125,3,3,2,87.5
11,0.909,9,0,1,90.82
1,0.804,9,7,1,98.92
9,0.669,1,3,3,51.620000000000005
6,0.607,3,0,2,77.86
18,0.521,5,6,2,51.58
13,0.82,8,10,2,59.599999999999994
3,0.985,0,8,1,53.3
19,0.298,9,1,3,75.03999999999999
4,0.357,4,2,3,81.86
6,0.865,2,10,1,53.7
18,0.008,0,1,1,56.84
6,0.981,8,2,2,86.38
15,0.208,0,8,2,39.84
5,0.15,5,4,1,94.0
20,0.256,4,8,2,44.879999999999995
4,0.896,10,7,3,85.08
10,0.585,3,2,2,66.3
15,0.068,6,0,2,82.64
17,0.543,8,3,2,71.14
8,0.78,4,8,1,63.400000000000006
5,0.773,4,3,1,79.53999999999999
10,0.87,2,9,2,42.599999999999994
2,0.249,9,2,3,100.0
18,0.033,4,2,1,70.34
14,0.254,4,7,3,53.92
4,0.402,2,9,1,68.96
4,0.465,8,8,3,83.7
14,0.397,6,7,2,64.06
0,0.602,9,9,1,100.0
15,0.526,6,1,3,66.48
17,0.126,7,10,1,66.47999999999999
20,0.026,10,9,3,66.47999999999999
13,0.999,6,9,2,50.019999999999996
15,0.798,2,10,2,32.04
14,0.823,1,8,1,38.54
11,0.539,2,5,1,60.22
10,0.204,7,2,2,89.92
8,0.712,2,7,1,58.760000000000005
18,0.609,10,10,3,56.81999999999999
9,0.503,4,10,1,62.94
9,0.069,0,6,2,58.620000000000005
16,0.945,8,9,3,48.099999999999994
19,0.728,10,9,2,59.44
16,0.016,4,6,1,66.68
14,0.722,7,1,3,68.56
9,0.462,9,9,1,85.76
19,0.991,2,4,1,37.18
1,0.752,3,10,1,69.96000000000001
0,0.154,9,5,1,100.0
19,0.47,10,1,2,80.6
13,0.711,2,4,3,44.78
5,0.929,6,0,2,85.42
8,0.163,2,10,3,53.739999999999995
17,0.139,7,4,1,78.22
1,0.954,10,7,1,99.92
4,0.989,0,5,3,47.22
14,0.57,3,9,2,44.599999999999994
10,0.981,2,4,3,45.379999999999995
3,0.775,10,1,1,100.0
5,0.915,7,8,1,78.7
18,0.415,9,9,3,58.7
14,0.173,9,1,3,87.54
15,0.112,2,2,1,66.76
15,0.516,2,8,1,46.68000000000001
19,0.598,3,10,2,32.04
6,0.201,0,0,2,73.98
5,0.333,10,8,1,100.0
20,0.315,4,4,2,51.7
14,0.545,8,0,2,83.1
9,0.156,7,8,3,75.88
10,0.692,5,9,2,58.16
19,0.907,1,4,1,34.86
10,0.806,3,7,1,56.879999999999995
16,0.139,1,6,1,52.22
1,0.777,7,8,3,79.46
9,0.853,7,10,3,57.94
10,0.507,0,7,3,40.86
19,0.339,8,0,1,82.22
1,0.086,4,7,1,93.28
16,0.739,5,1,3,56.22
5,0.612,9,7,2,89.76
19,0.241,0,5,2,37.18
6,0.599,3,3,1,77.02
12,0.538,9,7,2,77.24
4,0.16,4,4,1,91.8
3,0.569,8,6,2,92.62
5,0.956,4,6,2,64.88
9,0.261,2,10,1,59.78
4,0.816,5,4,2,77.68
17,0.261,3,9,2,44.78
16,0.781,5,3,3,51.379999999999995
19,0.282,7,7,2,60.36
8,0.59,6,9,2,68.2
19,0.633,3,9,1,38.34
0,0.602,4,7,3,74.96000000000001
9,0.633,1,3,3,52.34
1,0.88,1,3,3,63.400000000000006
18,0.026,10,9,2,75.47999999999999
0,0.327,0,1,3,76.46
11,0.081,9,10,1,87.38
6,0.893,2,4,1,65.14
10,0.334,5,10,2,63.31999999999999
0,0.927,1,8,3,54.46000000000001
20,0.575,4,7,3,35.5
17,0.876,3,8,1,39.480000000000004
0,0.978,8,3,2,96.44
14,0.809,9,9,3,58.81999999999999
9,0.128,10,4,2,100.0
18,0.885,2,6,3,27.299999999999997
8,0.61,2,6,2,57.8
19,0.787,2,6,2,32.26
12,0.533,7,0,2,83.34
18,0.326,1,1,3,44.48
8,0.553,7,1,1,93.94
19,0.285,0,1,1,49.3
2,0.833,1,2,1,74.34
13,0.535,7,9,1,68.3
9,0.031,3,8,3,62.379999999999995
9,0.983,0,10,3,27.340000000000003
19,0.654,10,9,2,60.92
18,0.058,2,4,1,57.84
9,0.276,0,7,1,57.480000000000004
5,0.443,0,4,2,63.14
19,0.562,6,3,3,53.75999999999999
20,0.424,2,6,1,42.519999999999996
11,0.691,0,5,3,39.18000000000001
19,0.529,1,5,1,40.42
5,0.261,0,3,2,68.78
8,0.143,0,7,2,57.14
17,0.651,8,8,1,63.980000000000004
10,0.842,8,5,3,70.16
14,0.447,4,9,1,56.06
8,0.649,10,10,3,76.02
12,0.515,5,6,1,68.7
16,0.114,0,3,3,44.72
12,0.691,5,3,1,71.18
20,0.677,5,0,3,51.46000000000001
6,0.363,8,0,1,100.0
7,0.515,9,2,1,100.0
19,0.436,0,5,3,28.28
18,0.794,3,1,2,48.12
16,0.308,3,3,3,52.84
1,0.037,8,0,2,100.0
1,0.526,1,3,1,80.48
5,0.761,0,0,3,59.78
4,0.573,0,5,1,65.54
7,0.486,3,1,2,76.28
18,0.462,2,7,2,38.76
6,0.765,8,6,2,82.7
18,0.521,6,5,3,52.58
18,0.051,10,5,3,77.97999999999999
3,0.216,3,2,2,87.68
11,0.18,9,5,2,90.4
18,0.318,0,1,3,40.64
8,0.633,7,4,1,86.34
4,0.045,10,8,1,100.0
16,0.237,6,6,1,70.25999999999999
14,0.945,3,3,1,54.099999999999994
9,0.505,4,7,3,58.900000000000006
13,0.959,6,0,3,63.81999999999999
20,0.09,4,10,3,39.2
20,0.299,10,9,1,71.02000000000001
4,0.889,3,5,2,66.22
8,0.678,9,5,2,86.44
10,0.095,4,3,3,73.1
2,0.151,0,6,2,70.98
9,0.187,7,8,2,80.26
12,0.386,8,4,1,87.28
16,0.575,10,8,3,65.5
18,0.186,3,7,1,53.28
2,0.812,10,8,3,88.75999999999999
8,0.833,8,3,1,88.34
8,0.508,0,4,1,60.84
17,0.916,2,0,3,40.68
18,0.579,2,0,3,45.42
4,0.662,1,3,3,61.760000000000005
10,0.224,3,3,3,66.52
17,0.889,3,3,1,49.22
4,0.431,5,1,2,91.38
5,0.659,9,8,2,86.82
2,0.245,7,3,3,98.1
0,0.912,1,3,2,69.75999999999999
16,0.863,7,2,2,64.74000000000001
15,0.229,0,9,1,42.42
14,0.014,10,4,3,88.72
9,0.752,3,0,3,63.96000000000001
12,0.838,6,4,3,60.24000000000001
7,0.749,0,4,3,48.019999999999996
11,0.241,5,10,2,63.18000000000001
18,0.655,4,7,1,47.900000000000006
5,0.934,8,3,1,92.32
10,0.922,9,8,3,66.56
14,0.033,2,2,1,70.34
6,0.375,8,9,3,79.5
3,0.924,0,3,1,64.52
8,0.789,5,0,2,78.22
1,0.708,3,7,1,76.84
9,0.609,0,0,1,64.82
18,0.183,6,7,1,65.34
14,0.063,9,7,1,87.74
11,0.397,1,7,2,50.06
4,0.786,9,9,2,84.28
10,0.235,5,1,2,83.3
9,0.86,5,8,1,63.8
5,0.25,3,3,1,86.0
15,0.176,8,7,2,74.48
17,0.019,10,3,1,94.62
8,0.993,6,5,1,73.14
20,0.76,4,10,1,35.8
9,0.445,7,0,2,91.1
19,0.823,7,7,3,44.53999999999999
6,0.33,4,3,2,81.4
12,0.097,8,8,3,75.06
19,0.31,0,1,1,48.8
18,0.329,3,0,3,54.42
5,0.404,2,0,1,84.92
11,0.47,7,9,2,68.6
10,0.158,2,7,3,55.84
11,0.565,0,4,2,48.7
11,0.363,9,0,2,96.74
17,0.676,3,5,2,44.47999999999999
1,0.259,2,2,3,81.82
18,0.593,6,9,2,48.14
12,0.285,4,5,3,61.3
9,0.317,10,7,3,86.66
20,0.468,1,4,1,41.64
3,0.07,7,10,2,90.6
6,0.029,1,5,3,66.42
10,0.457,6,1,1,87.86
10,0.28,10,8,2,88.4
19,0.219,1,2,1,52.62
10,0.755,3,9,1,53.900000000000006
2,0.375,6,3,1,100.0
4,0.551,8,9,3,79.98
8,0.293,0,9,1,55.14
4,0.924,6,1,3,80.52
8,0.453,7,1,3,85.94
11,0.084,3,5,3,63.31999999999999
9,0.13,5,8,3,68.4
3,0.845,2,7,2,61.099999999999994
3,0.599,4,0,2,88.02
13,0.985,10,3,3,73.3
1,0.536,3,8,1,78.28
15,0.797,5,7,3,45.06
20,0.568,10,7,3,59.64
15,0.191,8,5,1,83.18
19,0.719,4,7,3,34.620000000000005
17,0.08,1,6,2,46.400000000000006
18,0.01,2,3,3,50.8
7,0.842,6,1,3,76.16
4,0.222,4,3,1,92.56
10,0.282,0,7,1,55.36
11,0.64,6,7,1,70.2
2,0.986,6,5,2,80.28
20,0.256,8,3,3,65.88
5,0.46,8,3,1,100.0
0,0.588,6,4,1,99.24
20,0.3,5,6,1,57.0
4,0.56,9,3,2,100.0
3,0.24,0,10,1,64.2
9,0.467,10,10,1,87.66
20,0.061,7,4,3,63.78
2,0.993,6,8,1,79.14
15,0.864,4,0,3,53.72
20,0.686,10,1,3,69.28
5,0.701,4,1,2,79.98
14,0.779,4,5,3,47.42
9,0.601,10,8,1,88.98
17,0.965,4,2,2,48.7
9,0.06,9,3,1,100.0
18,0.044,10,9,1,80.12
19,0.673,1,5,3,27.54
4,0.971,1,10,2,46.58
0,0.658,10,0,2,100.0
10,0.688,8,7,3,69.24000000000001
14,0.734,5,3,3,56.31999999999999
16,0.932,7,3,1,66.36
7,0.503,0,5,3,50.94
8,0.214,8,5,3,86.72
13,0.894,3,2,3,49.120000000000005
15,0.693,1,9,2,32.14
13,0.842,7,6,1,68.16
10,0.311,0,9,2,45.78
19,0.596,7,7,2,54.08
12,0.478,7,3,3,73.44
10,0.164,7,0,3,89.72
10,0.541,3,5,2,61.18000000000001
13,0.994,4,0,3,55.120000000000005
9,0.351,5,9,1,71.98
17,0.111,9,10,3,64.78
20,0.422,5,7,2,47.56
4,0.591,7,8,2,82.18
10,0.929,8,9,2,65.42
11,0.254,5,3,1,81.92
19,0.676,9,6,3,57.47999999999999
10,0.531,3,8,1,60.379999999999995
20,0.47,4,0,1,61.599999999999994
20,0.35,9,4,1,76.0
2,0.679,7,2,1,100.0
7,0.805,5,0,2,79.9
11,0.057,8,10,1,83.86
2,0.465,7,6,2,92.7
0,0.304,4,7,3,80.92
1,0.444,0,7,1,70.12
15,0.61,6,7,1,62.8
7,0.916,5,4,1,74.68
10,0.478,4,7,3,57.44
10,0.921,7,2,3,70.58
8,0.035,10,6,1,100.0
16,0.071,5,4,1,73.58
19,0.916,0,3,2,27.68
9,0.91,3,9,2,47.8
2,0.636,3,2,1,86.28
6,0.822,5,7,2,67.56
4,0.399,0,4,3,61.019999999999996
2,0.353,8,9,2,92.94
11,0.166,5,0,2,84.68
3,0.02,3,10,1,80.6
16,0.166,9,7,2,76.68
2,0.893,9,9,2,86.14
11,0.903,4,5,2,55.94
17,0.99,1,3,3,29.200000000000003
6,0.912,0,6,1,52.75999999999999
4,0.265,10,6,2,100.0
14,0.243,0,8,1,46.14
20,0.014,5,4,3,56.72
13,0.498,10,1,3,87.03999999999999
7,0.185,0,7,1,63.3
16,0.762,6,0,1,71.75999999999999
17,0.452,4,8,3,41.96000000000001
7,0.285,9,0,2,100.0
19,0.215,1,4,3,38.7
10,0.884,4,3,2,62.31999999999999
12,0.048,7,7,2,79.04
8,0.786,1,0,2,62.28
13,0.054,8,2,3,85.92
1,0.766,1,6,1,69.68
13,0.484,6,1,3,71.32
4,0.904,4,10,2,59.92
13,0.412,4,0,2,71.76
9,0.662,7,0,1,91.76
12,0.537,9,4,3,78.26
10,0.726,5,9,1,62.480000000000004
5,0.464,9,4,1,100.0
1,0.593,8,8,1,97.14
10,0.248,6,2,3,80.04
4,0.678,9,9,2,86.44
3,0.126,9,1,3,100.0
3,0.473,9,2,3,100.0
18,0.222,10,2,3,80.56
11,0.972,7,3,1,75.56
0,0.14,2,5,2,85.2
20,0.544,4,2,2,51.120000000000005
6,0.351,7,9,2,80.98
12,0.007,2,9,2,55.86
18,0.492,0,5,3,29.159999999999997
4,0.325,2,4,1,80.5
0,0.058,1,9,1,79.84
16,0.593,10,7,3,67.14
17,0.688,5,6,2,50.24000000000001
4,0.945,7,3,3,80.1
17,0.896,7,8,1,55.08
7,0.975,7,2,3,75.5
17,0.716,5,6,2,49.68000000000001
4,0.91,1,1,1,70.8
11,0.591,1,10,2,40.18000000000001
8,0.428,0,3,1,64.44
19,0.885,0,1,2,32.3
3,0.099,6,2,1,100.0
8,0.858,10,10,2,76.84
12,0.617,2,5,3,46.66
8,0.288,6,7,2,78.24
20,0.897,1,4,2,28.060000000000002
17,0.696,7,7,2,56.08
19,0.914,0,6,3,16.72
7,0.138,8,10,3,80.24
7,0.047,5,6,3,78.06
14,0.321,5,9,2,57.58
2,0.561,9,0,3,100.0
4,0.599,6,5,2,84.02
7,0.97,7,4,2,76.6
13,0.049,4,6,1,72.02
11,0.386,9,6,1,89.28
12,0.503,3,10,2,47.94
14,0.817,3,1,3,50.66
13,0.515,10,3,3,82.7
19,0.022,2,1,2,57.56
2,0.625,5,4,3,80.5
13,0.274,1,3,1,61.519999999999996
0,0.065,0,7,2,74.7
8,0.357,6,6,2,78.86
17,0.294,8,8,2,66.12
18,0.94,8,6,1,60.2
1,0.742,5,2,3,84.16
2,0.944,8,1,3,92.12
9,0.882,4,10,1,55.36
14,0.795,6,10,1,55.099999999999994
10,0.817,0,6,2,41.66
20,0.369,1,0,3,41.62
8,0.669,8,10,1,77.62
9,0.234,10,4,3,94.32
17,0.553,7,4,1,69.94
7,0.046,10,2,3,100.0
2,0.181,8,3,1,100.0
4,0.737,2,7,2,61.260000000000005
7,0.945,9,2,1,94.1
4,0.114,9,2,2,100.0
20,1.0,3,6,3,25.0
16,0.37,7,4,3,65.6
17,0.206,6,3,2,69.88
8,0.438,4,9,2,63.239999999999995
6,0.883,2,7,3,49.34
5,0.889,3,3,2,68.22
12,0.197,7,10,1,75.06
14,0.336,7,9,2,65.28
0,0.206,10,5,2,100.0
9,0.914,2,9,3,38.72
8,0.046,6,4,3,84.08
13,0.589,1,5,3,41.22
6,0.317,9,10,2,87.66
11,0.301,6,4,3,72.98
18,0.391,5,8,3,45.18000000000001
10,0.997,6,4,1,71.06
0,0.691,2,5,1,79.18
12,0.62,1,4,2,49.599999999999994
13,0.83,7,4,3,62.400000000000006
16,0.766,8,2,1,75.68
5,0.042,0,10,2,59.16
5,0.06,5,5,1,93.8
1,0.9,0,10,3,45.0
0,0.779,5,4,3,81.42
6,0.836,5,6,3,64.28
13,0.152,7,6,1,81.96
15,0.84,3,8,3,34.2
8,0.667,1,6,3,47.66
1,0.617,2,2,2,79.66
6,0.214,8,2,2,100.0
19,0.348,3,6,2,45.03999999999999
12,0.85,9,3,3,74.0
16,0.949,10,2,1,80.02
10,0.452,10,3,2,94.96
14,0.072,1,8,1,53.56
20,0.48,8,0,3,67.4
14,0.364,1,10,3,33.72
2,0.458,5,7,2,82.84
15,0.746,8,4,2,69.08
4,0.066,5,0,3,95.68
19,0.491,6,2,2,62.18000000000001
0,0.202,4,0,3,96.96
16,0.081,9,1,1,95.38
8,0.582,1,9,1,53.36
18,0.088,8,9,2,66.24000000000001
7,0.875,0,1,2,56.5
15,0.325,2,0,2,61.5
1,0.551,2,6,1,77.98
6,0.764,4,7,1,69.72
5,0.748,5,2,2,81.03999999999999
1,0.553,3,3,3,77.94
9,0.44,10,10,3,78.2
15,0.936,9,4,2,69.28
11,0.559,5,2,3,67.82
12,0.87,4,0,2,64.6
14,0.24,3,1,2,67.2
3,0.961,6,6,2,76.78
4,0.447,5,3,1,92.06
9,0.692,4,3,3,63.16
7,0.933,6,0,1,86.34
13,0.103,6,7,2,71.94
2,0.734,8,3,2,97.32
8,0.491,10,10,3,79.18
14,0.877,4,3,3,49.46000000000001
18,0.115,6,3,3,64.7
11,0.391,1,4,3,51.18000000000001
6,0.519,6,4,3,78.62
5,0.597,7,1,3,89.06
15,0.194,0,1,3,49.120000000000005
10,0.795,10,6,2,82.1
10,0.512,8,4,2,83.76
20,0.522,0,5,3,24.560000000000002
3,0.904,8,7,2,83.92
10,0.068,4,7,1,75.64
9,0.723,5,3,3,66.54
14,0.637,4,6,3,48.25999999999999
2,0.324,0,8,3,58.519999999999996
8,0.352,8,1,2,96.96000000000001
14,0.672,1,9,1,39.56
7,0.006,1,5,1,74.88
20,0.25,4,8,3,40.0
20,0.397,0,7,2,28.060000000000002
7,0.527,7,5,2,83.46
10,0.055,4,2,1,85.9
16,0.468,7,0,3,71.64
13,0.415,1,1,3,52.7
4,0.709,8,10,3,74.82
18,0.284,7,7,3,57.31999999999999
7,0.911,8,2,2,85.78
17,0.867,1,10,2,22.659999999999997
20,0.956,3,2,1,43.88
10,0.283,9,0,2,100.0
13,0.125,4,7,2,63.5
18,0.219,8,9,1,68.62
10,0.53,4,1,2,73.4
15,0.724,6,3,2,63.519999999999996
5,0.328,9,5,3,94.44
9,0.262,1,5,1,65.76
13,0.437,9,4,1,88.26
13,0.895,0,8,1,35.1
5,0.705,8,3,2,91.9
5,0.28,9,0,2,100.0
0,0.849,6,8,3,76.02
8,0.697,10,1,2,98.06
14,0.236,7,7,1,76.28
5,0.674,0,7,3,47.519999999999996
10,0.757,5,2,1,75.86
14,0.913,0,0,2,43.739999999999995
19,0.892,7,2,1,63.16
9,0.184,6,7,3,73.32
7,0.44,1,0,2,71.2
16,0.852,2,7,1,39.96
19,0.132,7,2,2,73.36
17,0.169,10,2,1,93.62
8,0.649,6,6,2,73.02
2,0.52,5,1,3,88.6
1,0.812,1,10,1,60.75999999999999
18,0.37,7,8,1,63.599999999999994
17,0.523,7,3,1,72.53999999999999
1,0.998,2,5,3,61.03999999999999
0,0.439,4,4,3,84.22
11,0.893,7,4,1,75.14
14,0.866,10,9,2,66.68
11,0.231,10,1,3,96.38
15,0.662,8,9,3,55.75999999999999
15,0.421,10,10,2,71.58
16,0.504,0,7,1,38.92
14,0.986,8,3,1,73.28
0,0.908,2,4,3,66.84
12,0.301,4,4,2,67.98
12,0.46,2,2,2,60.8
12,0.387,6,1,2,80.26
9,0.131,1,8,3,52.379999999999995
8,0.52,2,2,2,67.6
3,0.072,0,4,3,69.56
9,0.446,5,8,1,72.08
17,0.229,9,5,1,82.42
15,0.433,1,7,2,41.34
6,0.945,10,3,3,88.1
11,0.949,2,4,1,54.019999999999996
11,0.286,3,10,2,54.28
6,0.1,10,0,3,100.0
7,0.473,2,4,2,66.54
11,0.126,3,1,1,80.48
15,0.24,4,3,3,60.2
4,0.758,3,10,3,53.84
1,0.242,0,9,2,65.16
13,0.145,7,9,1,76.1
17,0.442,2,4,1,52.16
12,0.863,4,10,3,39.74000000000001
7,0.674,8,7,2,80.52
6,0.69,7,3,2,86.2
18,0.104,7,8,2,63.92
8,0.887,7,3,2,78.25999999999999
0,0.429,5,4,1,98.42
20,0.863,10,0,1,77.74000000000001
0,0.764,6,10,2,78.72
4,0.632,1,3,2,67.36
5,0.68,9,5,2,92.4
19,0.145,8,7,3,62.099999999999994
3,0.63,6,2,2,91.4
5,0.071,3,0,1,95.58
3,0.817,0,8,2,51.66
11,0.841,7,5,2,69.18
12,0.602,7,6,3,64.96000000000001
10,0.196,9,7,2,88.08
13,0.778,6,4,3,59.44
2,0.702,0,4,1,68.96000000000001
1,0.726,5,1,1,96.48
16,0.498,1,6,2,40.04
11,0.534,0,2,3,48.31999999999999
20,0.698,4,6,2,40.04
6,0.448,7,4,2,89.03999999999999
13,0.842,4,7,3,44.16
3,0.148,2,9,1,76.04
5,0.886,4,9,3,55.28
6,0.497,4,8,2,68.06
20,0.517,7,6,2,55.66
6,0.76,5,8,2,66.8
14,0.912,10,0,3,78.75999999999999
1,0.931,7,0,1,100.0
1,0.781,5,9,3,69.38
0,0.612,6,1,3,94.76
8,0.223,6,5,1,88.54
1,0.108,3,6,2,85.84
4,0.319,10,6,2,100.0
10,0.711,1,7,3,40.78
20,0.51,3,8,2,35.8
14,0.066,2,4,1,65.68
19,0.425,5,1,3,56.5
14,0.006,6,7,2,71.88
1,0.186,10,0,1,100.0
9,0.053,8,0,2,100.0
14,0.92,10,3,1,82.6
9,0.499,10,9,2,84.02
1,0.772,2,8,1,69.56
1,0.508,6,10,3,76.84
3,0.59,3,6,2,72.2
0,0.517,4,3,1,94.66
19,0.843,5,6,3,38.14
19,0.387,7,5,3,57.25999999999999
15,0.041,0,10,1,44.18000000000001
4,0.302,7,3,1,100.0
6,0.12,10,3,3,100.0
1,0.626,2,7,2,69.48
17,0.281,6,1,2,72.38
9,0.943,7,2,1,82.14
0,0.526,10,3,1,100.0
9,0.899,9,3,2,84.02
11,0.752,7,4,2,72.96000000000001
4,0.638,0,4,3,56.239999999999995
11,0.847,5,8,3,50.06
1,0.308,6,4,2,97.84
1,0.617,7,8,1,92.66
9,0.872,1,9,3,35.56
9,0.187,1,1,1,75.26
7,0.839,7,0,2,87.22
1,0.062,5,6,3,89.76
2,0.427,3,4,1,86.46000000000001
18,0.404,4,4,1,58.92
6,0.464,0,2,1,69.72
4,0.469,10,7,1,100.0
19,0.633,0,6,1,32.34
19,0.019,1,5,3,40.620000000000005
20,0.729,7,2,1,64.42
17,0.289,7,0,1,83.22
14,0.24,4,4,2,65.2
0,0.77,0,7,2,60.599999999999994
10,0.601,1,5,3,46.980000000000004
10,0.649,7,9,2,67.02
19,0.386,5,1,3,57.28
1,0.179,9,0,1,100.0
18,0.534,7,3,1,70.32
11,0.773,9,2,3,79.53999999999999
11,0.122,8,10,1,82.56
6,0.349,7,5,2,89.02
13,0.38,7,7,2,70.4
8,0.24,9,8,1,94.2
19,0.454,8,0,2,74.92
15,0.455,0,6,3,33.9
19,0.412,5,10,2,43.75999999999999
4,0.594,6,0,1,99.12
6,0.128,3,3,3,76.44
14,0.05,6,6,1,78.0
2,0.992,9,8,2,86.16
18,0.988,0,4,1,31.240000000000002
0,0.974,1,6,1,67.52
11,0.802,7,5,2,69.96000000000001
0,0.688,1,5,3,65.24000000000001
18,0.324,10,1,1,90.52
5,0.506,8,7,2,87.88
1,0.314,1,1,1,88.72
3,0.293,1,7,1,73.14
10,0.738,9,8,3,70.24
12,0.027,4,6,1,74.46
9,0.04,9,0,3,100.0
10,0.697,6,3,3,69.06
2,0.592,2,7,1,73.16
17,0.826,6,7,2,49.480000000000004
18,0.769,5,2,2,54.620000000000005
17,0.035,6,3,3,68.3
7,0.04,1,8,1,68.2
12,0.123,0,1,2,61.540000000000006
5,0.049,3,10,1,76.02
0,0.701,2,4,2,75.98
12,0.503,1,1,3,52.94
15,0.334,7,10,3,56.31999999999999
4,0.831,3,5,1,72.38
19,0.163,2,3,2,50.74000000000001
4,0.614,9,4,2,97.72
8,0.501,10,1,1,100.0
2,0.573,3,0,2,86.54
13,0.627,10,0,3,86.46000000000001
7,0.801,6,6,3,66.98
13,0.933,0,7,2,31.340000000000003
7,0.536,8,3,3,86.28
11,0.18,2,1,1,75.4
8,0.815,5,0,2,77.7
17,0.186,2,6,3,43.28
0,0.802,1,6,3,60.96000000000001
19,0.832,10,4,2,67.36
10,0.488,10,9,1,87.24
19,0.317,9,0,3,76.66
8,0.903,8,1,3,80.94
5,0.261,9,6,3,93.78
0,0.838,8,6,1,98.24000000000001
5,0.691,10,0,3,100.0
10,0.766,1,8,3,37.68000000000001
17,0.815,5,6,1,52.7
20,0.351,7,7,3,51.980000000000004
8,0.003,3,9,3,62.94
17,0.143,3,5,2,55.14
13,0.717,6,5,1,68.66
13,0.077,8,9,2,76.46
20,0.35,3,7,1,46.0
18,0.915,8,5,3,52.7
8,0.257,2,8,2,60.86
2,0.001,2,2,1,94.98
6,0.796,0,1,2,60.08
19,0.683,0,4,1,35.34
12,0.089,8,3,2,90.22
14,0.272,1,10,1,45.56
1,0.937,1,4,3,60.25999999999999
19,0.483,6,3,3,55.34
18,0.799,9,10,1,59.019999999999996
10,0.448,10,7,3,82.03999999999999
16,0.592,3,3,2,52.16
10,0.117,1,6,3,54.66
19,0.314,7,4,1,70.72
6,0.216,1,7,3,58.68000000000001
6,0.074,0,7,1,67.52
19,0.093,6,0,3,69.14
1,0.45,1,3,3,72.0
12,0.824,2,7,3,38.519999999999996
1,0.184,3,0,3,91.32
14,0.433,7,6,3,64.34
10,0.423,1,6,3,48.540000000000006
1,0.728,1,5,1,72.44
20,0.331,5,6,2,51.379999999999995
11,0.966,4,10,2,44.68000000000001
2,0.705,4,1,1,90.9
9,0.821,7,1,2,81.58
6,0.916,7,5,1,82.68
6,0.48,5,3,2,82.4
9,0.011,2,0,3,74.78
19,0.316,7,7,3,54.68000000000001
19,0.385,0,10,1,29.299999999999997
5,0.974,6,3,1,83.52
17,0.839,8,7,3,52.22
8,0.993,4,7,1,61.14
5,0.405,5,7,3,72.9
10,0.958,0,6,2,38.84
10,0.883,2,5,1,55.34
19,0.29,8,8,1,67.2
6,0.534,3,7,2,65.32
11,0.611,5,3,1,74.78
10,0.969,3,8,1,51.620000000000005
18,0.841,1,3,3,30.18
19,0.879,0,7,3,15.420000000000002
12,0.204,0,7,1,52.92
13,0.344,10,4,1,94.12
12,0.594,7,10,3,57.120000000000005
14,0.758,10,6,3,69.84
9,0.058,6,0,3,89.84
14,0.36,6,2,2,74.8
15,0.805,7,7,1,62.900000000000006
3,0.579,3,0,1,89.42
9,0.277,2,10,3,49.459999999999994
14,0.445,7,9,2,63.099999999999994
15,0.852,4,7,2,44.96000000000001
20,0.831,0,7,1,24.380000000000003
2,0.112,4,2,1,100.0
1,0.99,10,6,1,100.0
0,0.884,9,7,1,99.32
0,0.982,0,0,2,70.36
9,0.095,5,9,2,72.1
14,0.294,6,2,2,76.12
11,0.709,2,0,2,61.81999999999999
5,0.068,9,5,2,100.0
7,0.516,5,2,3,76.68
3,0.637,7,7,3,80.26
17,0.657,1,4,3,33.86
4,0.054,6,4,3,91.92
17,0.275,8,1,2,80.5
3,0.68,0,10,3,45.400000000000006
10,0.456,7,9,3,65.88
15,0.375,3,5,1,59.5
17,0.252,8,10,1,67.96000000000001
6,0.305,4,6,3,70.9
5,0.686,7,2,1,95.28
20,0.068,8,7,2,66.64
0,0.889,6,6,1,89.22
11,0.024,6,2,3,82.52
16,0.897,8,10,3,47.06
11,0.747,1,1,1,60.06
18,0.561,1,7,3,27.78
14,0.565,4,10,1,51.7
14,0.055,2,3,3,57.900000000000006
3,0.79,4,10,3,59.2
7,0.681,10,8,3,81.38
11,0.397,9,6,2,84.06
12,0.873,2,7,1,47.53999999999999
3,0.082,10,4,2,100.0
9,0.714,2,0,2,65.72
18,0.803,0,9,1,24.939999999999998
20,0.974,6,1,1,57.519999999999996
8,0.599,10,0,3,97.02
9,0.25,5,7,2,73.0
5,0.429,7,3,3,88.42
19,0.538,8,2,3,64.24
15,0.507,6,8,3,52.86
1,0.359,4,10,1,81.82
13,0.299,5,0,3,73.02
1,0.857,2,5,2,68.86
8,0.752,3,3,1,69.96000000000001
5,0.907,1,0,3,60.86
16,0.275,4,4,1,65.5
18,0.658,0,1,3,33.84
13,0.595,0,5,2,42.1
11,0.211,10,7,3,84.78
11,0.461,0,3,1,57.78
15,0.888,10,10,1,67.24
7,0.674,9,1,1,100.0
5,0.068,10,10,3,93.63999999999999
1,0.279,0,2,2,78.42
14,0.228,2,3,1,64.44
5,0.611,2,5,3,60.78
19,0.558,6,0,1,69.84
6,0.271,1,4,3,63.58
15,0.341,10,5,1,88.18
1,0.614,2,10,2,63.72
10,0.787,8,3,2,80.26
14,0.709,3,4,2,51.81999999999999
3,0.852,1,7,1,61.96000000000001
12,0.129,5,10,1,68.42
11,0.888,3,1,1,65.24
12,0.149,9,2,2,95.02
11,0.668,4,8,3,49.64
0,0.573,3,5,2,80.54
20,0.213,4,7,3,42.74000000000001
19,0.379,6,8,1,57.42
1,0.238,2,7,2,77.24
12,0.901,9,4,3,70.98
20,0.776,10,5,2,64.48
16,0.6,2,6,3,37.0
16,0.176,9,7,2,76.48
14,0.814,1,1,2,47.72
15,0.798,8,4,1,73.03999999999999
9,0.065,4,0,2,86.7
3,0.263,2,1,1,89.74
20,0.404,2,3,1,48.92
7,0.229,10,8,1,100.0
0,0.811,7,10,1,86.78
13,0.53,4,6,1,62.400000000000006
17,0.684,9,5,1,73.32
19,0.394,10,9,2,66.12
16,0.218,6,10,2,57.64
14,0.045,10,8,2,85.1
11,0.297,3,1,2,72.06
20,0.594,3,5,3,35.120000000000005
17,0.117,3,0,3,60.66
10,0.698,6,10,1,65.04
4,0.952,9,8,1,87.96000000000001
3,0.974,10,9,3,81.52
3,0.92,0,5,2,55.599999999999994
10,0.396,0,5,1,57.08
8,0.359,1,9,3,47.81999999999999
15,0.547,0,4,1,46.06
11,0.835,0,7,2,37.3
17,0.43,7,1,1,78.4
4,0.232,0,2,2,73.36
2,0.511,2,7,1,74.78
2,0.556,3,6,3,69.88
20,0.597,10,3,1,77.06
6,0.421,8,2,2,97.58
18,0.232,10,6,3,72.36
10,0.189,3,1,1,81.22
19,0.813,7,7,1,54.74000000000001
16,0.567,8,6,1,71.66
0,0.513,8,2,1,100.0
8,0.514,9,10,3,74.72
17,0.934,5,5,3,42.31999999999999
10,0.305,0,8,1,52.900000000000006
18,0.673,1,3,1,43.54
5,0.18,2,9,3,61.400000000000006
15,0.685,10,6,3,69.3
9,0.281,8,8,2,82.38
20,0.262,0,8,2,28.759999999999998
8,0.463,7,7,2,78.74
2,0.406,10,3,3,100.0
18,0.513,6,7,3,48.74000000000001
2,0.951,10,6,1,99.98
15,0.087,5,0,2,78.26
13,0.172,3,0,2,72.56
20,0.363,2,0,2,50.74
8,0.847,10,4,1,94.06
8,0.354,3,8,3,57.92
0,0.169,10,1,2,100.0
18,0.17,0,10,2,30.6
17,0.356,2,8,2,40.879999999999995
14,0.03,3,8,2,57.400000000000006
18,0.856,10,1,3,69.88
2,0.715,0,4,3,58.7
14,0.165,8,3,1,89.7
11,0.58,1,2,2,56.400000000000006
15,0.412,1,7,1,46.75999999999999
14,0.099,7,9,3,65.02
15,0.495,4,4,2,58.099999999999994
1,0.262,7,9,3,87.76
0,0.064,10,10,1,100.0
16,0.263,3,8,3,43.74000000000001
14,0.447,6,5,3,62.06
14,0.063,4,5,1,71.74
7,0.812,5,3,1,78.75999999999999
3,0.823,4,6,1,76.53999999999999
3,0.339,7,7,1,96.22
7,0.799,3,7,1,63.019999999999996
18,0.372,7,8,2,58.56
5,0.037,9,1,3,100.0
6,0.323,5,5,2,81.54
15,0.927,0,4,2,33.46
16,0.274,9,5,2,78.52
3,0.446,1,4,2,71.08
16,0.684,10,1,2,82.32
16,0.052,4,3,3,61.959999999999994
19,0.729,7,0,1,70.42
6,0.42,1,10,3,48.599999999999994
11,0.347,7,4,2,81.06
5,0.377,10,6,2,100.0
17,0.577,9,8,1,69.46000000000001
16,0.659,9,5,3,65.82
17,0.63,9,1,2,77.4
4,0.738,0,3,1,66.24
6,0.906,8,8,1,80.88
4,0.453,2,0,1,85.94
12,0.999,9,4,2,74.02
17,0.741,9,6,2,65.18
5,0.765,5,10,1,69.7
20,0.938,1,7,2,21.240000000000002
2,0.041,3,0,1,100.0
1,0.226,3,3,1,94.48
6,0.932,2,3,1,66.36
17,0.967,9,4,1,69.66
16,0.84,4,10,2,37.2
9,0.942,4,8,1,58.16
18,0.074,6,0,1,81.52000000000001
13,0.002,9,10,1,84.96
17,0.73,7,5,1,64.4
14,0.079,0,1,3,53.42
10,0.545,6,2,1,84.1
1,0.799,1,10,3,51.019999999999996
6,0.315,4,3,2,81.7
13,0.505,3,8,3,44.900000000000006
16,0.59,5,9,1,53.2
13,0.125,0,1,3,54.5
19,0.798,3,3,3,37.04
14,0.204,0,3,2,51.92
11,0.227,5,0,2,83.46
14,0.955,4,6,3,41.900000000000006
16,0.484,10,0,2,88.32
20,0.423,1,7,2,31.54
3,0.295,1,9,2,64.1
11,0.174,9,6,3,83.52
19,0.564,0,3,2,34.72
8,0.895,3,1,3,61.099999999999994
5,0.463,7,1,3,91.74
16,0.645,8,7,1,68.1
11,0.932,1,5,3,38.36
0,0.008,5,4,3,96.84
4,0.449,1,8,3,56.019999999999996
6,0.973,0,8,3,37.53999999999999
17,0.684,4,2,3,49.31999999999999
12,0.136,9,10,3,74.28
2,0.648,8,10,3,80.03999999999999
1,0.312,5,0,2,100.0
7,0.547,8,7,2,83.06
13,0.654,7,8,3,57.92
5,0.455,8,0,1,100.0
14,0.637,9,3,1,84.25999999999999
11,0.664,6,5,3,63.72
16,0.786,10,3,1,81.28
12,0.904,1,9,1,38.92
5,0.84,4,3,1,78.2
20,0.37,6,9,1,53.599999999999994
18,0.876,8,0,3,63.480000000000004
14,0.842,7,6,2,61.16
7,0.294,2,8,2,62.120000000000005
17,0.699,4,8,2,42.02000000000001
12,0.385,6,7,2,68.3
10,0.127,1,10,3,46.459999999999994
10,0.448,4,2,3,68.03999999999999
8,0.637,4,5,2,67.26
11,0.319,0,0,1,66.62
12,0.089,4,4,1,77.22
14,0.027,4,9,1,64.46
17,0.52,2,7,1,44.6
7,0.206,5,0,2,91.88
11,0.99,8,9,1,67.2
8,0.352,10,7,3,87.96000000000001
18,0.156,6,3,3,63.879999999999995
4,0.365,7,7,1,93.7
2,0.348,0,3,2,73.04
15,0.436,2,7,3,40.28
15,0.873,4,6,3,41.53999999999999
17,0.441,1,10,1,36.18
10,0.435,6,10,3,60.3
15,0.132,4,6,2,61.36
19,0.125,3,0,1,66.5
